"SSN","collectionYear","collectionQuarter","analysisYear","analysisQuarter"
1,64,3,70,1
2,64,3,70,1
3,64,3,70,1
4,64,3,70,1
5,64,3,70,1
6,64,3,70,1
7,64,3,71,1
8,64,3,70,1
9,64,3,70,1
10,64,3,70,1
11,64,3,64,3
12,64,3,70,1
13,64,3,70,1
14,64,-1,70,1
15,64,3,70,1
16,64,3,70,1
17,64,3,-1,-1
18,64,3,-1,-1
19,64,3,64,4
20,64,3,64,-1
21,64,3,64,-1
22,64,3,64,-1
23,64,3,64,3
24,64,3,64,3
25,-1,-1,64,-1
26,64,3,66,4
27,66,1,66,1
28,64,3,66,4
29,64,3,-1,-1
30,64,3,66,4
31,64,3,66,4
32,64,3,66,4
33,64,3,-1,-1
34,64,3,66,4
35,64,3,66,4
36,64,3,66,4
37,64,3,66,4
38,63,3,70,4
39,63,3,70,4
40,63,3,70,4
41,63,3,70,4
42,63,3,70,4
43,63,3,71,1
44,63,3,71,1
45,63,3,71,1
46,63,3,70,4
47,63,3,70,4
48,66,3,66,3
49,66,3,66,3
50,66,3,66,3
51,66,3,66,3
52,66,3,66,3
53,66,3,66,3
54,66,3,66,3
55,66,3,66,3
56,66,3,66,3
57,66,3,66,3
58,66,3,66,3
59,66,3,66,3
60,66,3,66,3
61,63,3,63,3
62,63,3,63,3
63,63,3,63,3
64,67,3,66,3
65,63,3,63,3
66,63,3,63,3
67,63,3,63,3
68,63,3,63,3
69,63,3,63,3
70,63,3,63,3
71,66,3,66,3
72,66,3,66,3
73,66,3,66,3
74,66,3,66,3
75,66,3,66,3
76,66,3,66,3
77,66,3,66,3
78,66,3,66,3
79,66,3,66,3
80,66,3,66,3
81,66,3,66,3
82,66,3,66,3
83,66,3,66,3
84,66,3,66,3
85,66,3,66,3
86,64,3,70,1
87,64,3,70,1
88,64,3,70,1
89,64,3,70,1
90,64,3,70,1
91,64,3,70,1
92,64,3,70,1
93,64,3,70,1
94,64,3,70,1
95,64,3,70,1
96,64,3,70,1
97,64,3,70,1
98,64,3,70,1
99,64,3,70,1
100,64,3,70,1
101,63,3,71,4
102,66,3,66,3
103,64,3,70,1
104,64,3,70,1
105,64,3,70,1
106,64,3,70,1
107,64,3,70,1
108,64,3,66,4
109,64,3,66,4
110,64,3,66,4
111,64,3,66,4
112,64,3,66,4
113,64,3,66,4
114,64,3,66,4
115,64,3,66,4
116,64,3,64,4
117,66,1,66,1
118,66,1,66,1
119,64,3,-1,-1
120,64,3,-1,-1
121,64,3,66,4
122,64,3,66,4
123,64,3,66,4
124,64,3,66,4
125,64,4,66,4
126,64,3,66,4
127,64,3,66,4
128,64,3,66,4
129,64,3,66,4
130,64,3,66,4
131,64,3,66,4
132,64,3,66,4
133,64,3,66,4
134,64,3,66,4
135,64,4,66,4
136,64,3,66,4
137,64,3,66,4
138,64,3,66,4
139,64,3,66,4
140,64,3,66,4
141,63,3,70,4
142,63,3,70,4
143,63,3,70,4
144,63,3,70,4
145,63,3,70,4
146,63,3,70,4
147,63,4,70,4
148,63,4,70,4
149,63,3,70,4
150,63,3,63,3
151,66,3,66,3
152,66,3,66,3
153,66,3,66,3
154,66,3,66,3
155,66,3,66,3
156,66,3,66,3
157,66,3,66,3
158,66,3,66,3
159,66,3,66,3
160,66,3,66,3
161,66,3,66,3
162,66,3,66,3
163,66,3,66,3
164,66,3,66,3
165,63,3,63,3
166,63,3,63,3
167,63,3,63,3
168,63,3,63,3
169,63,3,63,3
170,63,3,63,3
171,63,3,63,3
172,63,3,63,3
173,63,3,63,3
174,63,3,63,3
175,63,3,63,3
176,63,3,63,3
177,63,3,63,3
178,63,3,63,3
179,63,3,63,3
180,63,3,63,3
181,63,3,63,3
182,63,3,63,3
183,63,3,63,3
184,63,3,63,3
185,63,3,63,3
186,63,3,63,3
187,63,3,70,2
188,63,3,63,3
189,63,3,63,3
190,63,3,63,3
191,63,3,63,3
192,63,3,63,3
193,63,3,63,3
194,63,3,63,3
195,63,3,63,3
196,63,3,63,3
197,63,3,63,3
198,63,3,63,3
199,63,3,63,3
200,63,3,63,3
201,63,3,63,3
202,63,3,63,3
203,63,4,70,2
204,63,4,70,3
205,63,4,70,3
206,63,4,63,4
207,63,4,63,4
208,63,4,63,4
209,63,4,63,4
210,63,4,63,4
211,63,4,63,4
212,63,4,63,4
213,63,3,70,2
214,63,3,63,3
215,63,3,70,2
216,63,3,70,3
217,63,4,63,4
218,63,4,63,4
219,63,4,63,4
220,63,4,63,4
221,63,3,63,3
222,63,3,63,3
223,63,3,63,3
224,63,3,63,3
225,63,4,63,4
226,63,3,63,3
227,63,4,63,4
228,63,3,63,3
229,63,4,63,4
230,63,3,63,3
231,63,3,63,3
232,63,4,63,4
233,63,3,63,3
234,63,4,63,4
235,63,3,63,3
236,63,4,63,4
237,63,3,63,3
238,63,3,63,3
239,63,4,63,4
240,63,2,63,3
241,63,4,63,4
242,63,3,63,3
243,63,4,63,4
244,63,3,63,3
245,63,3,63,3
246,63,4,63,4
247,63,3,63,3
248,63,3,63,3
249,63,4,63,4
250,63,3,63,3
251,63,4,63,4
252,63,3,63,3
253,63,4,63,4
254,63,3,63,3
255,63,4,63,4
256,63,4,63,4
257,63,4,63,4
258,63,4,63,4
259,63,4,63,4
260,63,4,63,4
261,63,4,63,4
262,63,4,63,4
263,63,4,63,4
264,63,4,63,4
265,63,4,63,4
266,63,4,63,4
267,63,4,63,4
268,63,4,63,4
269,63,4,63,4
270,63,4,63,4
271,63,4,63,4
272,63,4,63,4
273,63,4,63,4
274,63,4,63,4
275,63,4,63,4
276,63,4,63,4
277,63,4,63,4
278,63,4,63,4
279,63,4,63,4
280,63,4,63,4
281,63,4,63,4
282,63,4,63,4
283,63,4,63,4
284,63,4,63,4
285,63,4,63,4
286,63,4,63,4
287,63,4,63,4
288,63,4,63,4
289,63,4,63,4
290,63,4,63,4
291,63,4,63,4
292,63,4,63,4
293,63,4,63,4
294,63,4,63,4
295,63,4,63,4
296,63,4,63,4
297,63,4,63,4
298,63,4,63,4
299,63,4,63,4
300,63,4,63,4
301,63,4,63,3
302,63,4,63,4
303,63,4,63,4
304,63,4,63,4
305,63,4,63,4
306,66,4,66,4
307,66,4,66,4
308,64,3,66,4
309,64,3,67,2
310,64,3,66,4
311,64,3,66,4
312,64,3,66,4
313,64,3,66,4
314,64,3,66,4
315,64,3,66,4
316,64,3,66,4
317,64,3,66,4
318,66,1,66,1
319,66,1,66,1
320,66,1,66,1
321,66,1,66,1
322,64,3,66,4
323,64,3,64,4
324,64,3,66,4
325,64,3,66,4
326,64,3,66,4
327,64,3,66,4
328,64,3,66,4
329,66,1,66,1
330,66,1,66,1
331,66,1,66,1
332,66,1,66,1
333,66,1,66,1
334,66,1,66,1
335,66,1,66,1
336,66,1,66,1
337,66,1,66,4
338,66,1,66,1
339,66,1,66,1
340,66,1,66,1
341,66,1,66,1
342,66,1,66,1
343,66,1,66,1
344,64,3,66,4
345,64,3,66,4
346,64,3,66,4
347,64,3,66,4
348,66,1,66,1
349,66,1,66,1
350,66,1,66,1
351,66,1,66,1
352,66,1,66,1
353,62,3,68,1
354,62,3,68,1
355,63,3,70,4
356,63,3,70,4
357,63,3,70,2
358,63,3,70,4
359,63,3,70,4
360,63,3,70,4
361,63,3,70,4
362,63,3,70,3
363,63,3,70,4
364,63,3,70,4
365,63,3,70,4
366,63,3,70,4
367,63,3,70,4
368,63,3,70,4
369,63,3,70,4
370,63,3,70,3
371,63,3,70,4
372,63,3,70,4
373,63,3,70,4
374,66,3,66,3
375,66,3,66,3
376,66,3,66,3
377,66,3,66,3
378,66,3,66,3
379,66,3,66,3
380,66,3,63,3
381,66,3,66,3
382,66,3,66,3
383,63,3,67,1
384,63,3,67,1
385,63,3,67,1
386,63,3,66,1
387,63,3,67,1
388,63,3,66,3
389,66,3,66,3
390,66,3,66,3
391,62,3,71,4
392,66,3,66,3
393,66,3,66,3
394,66,3,66,3
395,62,3,66,1
396,66,3,66,3
397,66,3,66,3
398,66,3,66,3
399,66,3,66,3
400,66,3,66,3
401,66,3,66,3
402,66,3,66,3
403,66,3,66,3
404,66,3,66,3
405,66,3,66,3
406,66,3,66,3
407,66,3,66,3
408,66,3,66,3
409,66,3,66,3
410,66,3,66,3
411,66,3,66,3
412,66,3,66,3
413,66,3,66,3
414,66,3,66,3
415,66,3,66,3
416,66,3,66,3
417,66,3,66,3
418,66,3,66,3
419,66,3,66,3
420,62,4,68,1
421,62,4,68,1
422,62,4,68,1
423,62,4,68,4
424,62,4,68,1
425,62,4,68,1
426,62,4,68,1
427,66,1,66,1
428,66,1,66,1
429,66,3,66,3
430,62,3,66,3
431,66,3,66,3
432,66,3,66,3
433,66,3,66,3
434,66,3,66,3
435,66,3,66,3
436,66,3,66,3
437,66,3,66,3
438,66,3,66,3
439,66,3,66,3
440,66,3,66,3
441,66,3,66,3
442,66,3,66,3
443,66,3,66,3
444,62,4,-1,-1
445,66,3,66,3
446,64,3,66,4
447,64,3,66,1
448,64,3,66,4
449,64,3,66,4
450,65,1,65,1
451,66,1,66,1
452,66,1,66,1
453,66,1,66,1
454,66,1,66,1
455,66,1,66,1
456,66,1,66,1
457,66,1,66,1
458,66,1,66,1
459,66,1,66,1
460,66,1,66,1
461,66,1,66,1
462,66,1,66,1
463,66,1,66,1
464,66,1,66,1
465,66,1,66,1
466,66,1,66,1
467,66,1,66,1
468,66,1,66,1
469,66,1,66,1
470,66,1,66,1
471,66,1,66,1
472,66,1,66,1
473,66,1,66,1
474,64,3,66,4
475,64,3,66,4
476,64,1,64,1
477,66,1,66,1
478,66,1,-1,-1
479,62,3,68,2
480,62,3,68,2
481,62,3,68,2
482,62,3,68,2
483,62,3,62,3
484,62,3,68,3
485,-1,-1,-1,-1
486,62,3,-1,-1
487,62,3,68,2
488,62,3,68,2
489,68,1,68,1
490,68,1,68,1
491,68,1,68,1
492,68,1,68,1
493,67,1,67,1
494,67,1,67,1
495,68,1,68,1
496,67,1,67,1
497,62,3,62,3
498,67,1,67,1
499,67,1,67,1
500,68,1,67,1
501,67,1,67,1
502,68,1,68,1
503,62,3,70,2
504,62,3,-1,-1
505,62,3,69,3
506,62,3,68,2
507,67,1,67,1
508,68,1,68,1
509,68,1,68,1
510,68,1,68,1
511,62,3,68,2
512,62,3,68,2
513,62,3,68,2
514,62,3,68,2
515,62,3,68,2
516,63,3,69,2
517,63,3,69,2
518,67,1,67,1
519,67,1,67,1
520,67,1,67,1
521,67,1,67,1
522,67,1,67,1
523,67,4,67,1
524,67,1,67,1
525,67,1,67,1
526,67,1,67,1
527,67,1,67,1
528,67,1,67,1
529,67,1,67,1
530,67,1,67,1
531,67,1,67,1
532,67,1,67,1
533,67,1,67,1
534,67,1,67,1
535,67,1,67,1
536,67,1,67,1
537,67,1,67,1
538,67,1,67,1
539,67,1,67,1
540,68,1,68,1
541,68,1,68,1
542,67,1,67,1
543,67,1,67,1
544,68,1,68,1
545,67,1,67,1
546,67,1,67,1
547,68,1,68,1
548,67,1,67,1
549,67,1,67,1
550,68,1,68,1
551,67,1,67,1
552,68,1,68,1
553,68,1,68,1
554,68,1,68,1
555,68,1,68,1
556,67,1,67,1
557,67,1,67,1
558,68,1,68,1
559,67,1,67,1
560,67,1,67,1
561,63,3,63,3
562,63,3,68,1
563,63,3,68,1
564,68,1,68,1
565,63,3,68,1
566,68,1,68,1
567,68,1,68,1
568,68,1,68,1
569,68,1,68,1
570,68,1,68,1
571,68,1,68,1
572,68,1,68,1
573,68,1,68,1
574,68,1,68,1
575,68,1,68,1
576,68,1,68,1
577,68,1,68,1
578,68,1,68,1
579,68,1,68,1
580,68,1,68,1
581,62,3,68,1
582,62,3,68,1
583,62,3,68,1
584,62,3,68,1
585,62,3,68,1
586,62,3,68,1
587,62,3,68,1
588,62,3,68,1
589,62,3,68,1
590,62,3,69,3
591,62,3,68,1
592,62,3,68,1
593,70,1,68,1
594,62,3,68,1
595,62,3,68,1
596,62,3,68,1
597,66,3,66,3
598,66,3,66,3
599,62,3,69,3
600,62,3,69,3
601,66,3,66,3
602,66,3,66,3
603,66,3,66,3
604,66,3,66,3
605,66,3,66,3
606,66,3,66,3
607,66,3,66,3
608,66,3,66,3
609,66,3,66,3
610,66,3,66,3
611,66,3,66,3
612,66,3,66,3
613,66,3,66,3
614,66,3,66,3
615,66,3,66,3
616,66,3,66,3
617,66,3,66,3
618,66,3,66,3
619,66,3,66,3
620,66,3,66,3
621,66,3,66,3
622,66,3,66,3
623,66,3,66,3
624,66,3,66,3
625,66,3,66,3
626,66,3,66,3
627,66,3,66,3
628,66,3,66,3
629,67,4,67,4
630,66,3,66,3
631,67,4,67,4
632,67,4,67,4
633,67,4,67,4
634,67,4,67,4
635,67,4,67,4
636,67,4,67,4
637,64,2,66,4
638,64,2,66,4
639,64,2,66,4
640,64,2,64,4
641,64,2,66,4
642,64,2,66,4
643,64,2,66,4
644,64,2,66,4
645,64,2,66,4
646,64,3,66,4
647,64,3,66,4
648,64,3,66,4
649,64,3,66,4
650,64,3,66,4
651,64,3,66,4
652,64,3,66,4
653,64,3,66,4
654,64,3,66,4
655,64,3,66,4
656,64,3,66,4
657,64,3,66,4
658,64,3,66,4
659,64,3,64,3
660,64,3,66,4
661,64,3,66,4
662,64,3,66,4
663,64,3,66,4
664,64,3,64,3
665,64,4,64,4
666,64,2,66,4
667,64,4,66,4
668,64,2,66,4
669,64,4,66,4
670,64,4,66,4
671,64,4,66,4
672,64,4,66,4
673,64,4,66,4
674,64,4,66,4
675,65,1,66,4
676,64,2,66,4
677,64,2,66,4
678,64,3,66,4
679,64,2,66,4
680,67,4,67,4
681,64,2,66,4
682,64,3,67,1
683,64,4,66,4
684,64,4,64,4
685,64,4,66,4
686,64,4,64,4
687,67,3,67,3
688,67,3,67,3
689,67,3,67,3
690,67,3,67,3
691,67,3,67,3
692,67,3,67,3
693,67,3,67,3
694,67,3,67,3
695,67,3,67,3
696,67,3,67,3
697,67,3,67,3
698,67,3,67,3
699,67,3,67,3
700,67,3,67,3
701,67,3,67,3
702,67,3,67,3
703,67,3,67,3
704,67,3,67,3
705,67,3,67,3
706,67,3,67,3
707,67,3,67,3
708,67,3,67,3
709,67,3,67,3
710,67,3,67,3
711,67,3,67,3
712,67,3,67,3
713,67,3,67,3
714,67,3,67,3
715,67,3,67,3
716,67,3,67,3
717,67,3,67,3
718,67,3,67,3
719,67,3,67,3
720,67,3,67,3
721,67,3,67,3
722,67,2,67,3
723,67,3,67,3
724,67,3,67,3
725,67,3,67,3
726,67,3,67,3
727,67,3,67,3
728,67,3,67,3
729,67,3,67,3
730,67,3,67,3
731,67,3,67,3
732,67,3,67,3
733,67,3,67,3
734,67,3,67,3
735,67,3,67,3
736,67,3,67,3
737,67,3,67,3
738,67,-1,67,3
739,62,3,68,2
740,62,3,68,2
741,62,3,68,2
742,62,3,68,2
743,62,3,62,2
744,62,3,62,3
745,62,3,68,2
746,62,3,68,2
747,62,3,68,2
748,62,3,68,2
749,67,2,67,2
750,67,2,67,2
751,68,2,67,2
752,67,2,67,2
753,67,2,67,2
754,67,2,67,2
755,67,2,67,2
756,67,2,67,2
757,67,3,67,3
758,67,3,67,3
759,67,2,67,2
760,67,2,67,2
761,67,2,67,2
762,67,2,67,2
763,67,3,67,3
764,67,3,67,3
765,67,3,67,3
766,67,3,67,3
767,67,3,67,3
768,67,3,67,3
769,67,3,67,3
770,67,3,67,3
771,67,3,67,3
772,67,3,67,3
773,67,3,67,3
774,67,3,67,3
775,67,3,67,3
776,67,3,67,3
777,67,3,67,3
778,67,3,67,3
779,67,3,67,3
780,67,3,67,3
781,67,3,67,3
782,67,3,67,3
783,67,3,67,3
784,67,3,67,3
785,67,3,67,3
786,67,3,67,3
787,67,3,67,3
788,67,3,67,3
789,67,3,67,3
790,67,3,67,3
791,67,3,67,3
792,67,3,67,3
793,67,3,67,3
794,67,3,67,3
795,67,3,67,3
796,67,3,67,3
797,67,3,67,3
798,67,3,67,3
799,67,3,67,3
800,67,3,67,3
801,67,3,67,3
802,67,3,67,3
803,67,3,67,3
804,67,3,67,3
805,67,3,67,3
806,67,3,67,3
807,67,3,67,3
808,67,3,67,3
809,67,3,67,3
810,67,3,67,3
811,67,3,67,3
812,67,3,67,3
813,67,3,67,3
814,67,3,67,3
815,67,3,67,3
816,67,3,67,3
817,67,3,67,3
818,67,3,67,3
819,67,3,67,3
820,67,3,67,3
821,67,3,67,3
822,67,3,67,3
823,67,3,67,3
824,67,3,67,3
825,67,3,67,3
826,67,3,67,3
827,67,3,67,3
828,67,3,67,3
829,67,3,67,3
830,67,3,67,3
831,67,3,67,3
832,67,3,67,3
833,67,2,67,2
834,67,2,67,2
835,67,2,67,2
836,67,3,67,3
837,67,3,67,3
838,67,3,67,3
839,67,3,67,3
840,67,3,67,3
841,67,3,67,3
842,67,3,67,3
843,67,3,67,3
844,67,3,67,3
845,67,3,67,3
846,67,3,67,3
847,67,3,67,3
848,67,3,67,3
849,67,3,67,3
850,67,3,67,3
851,67,3,67,3
852,67,3,67,3
853,67,3,67,3
854,67,3,67,3
855,67,3,67,3
856,67,3,67,3
857,67,3,67,3
858,67,3,67,3
859,67,3,67,3
860,67,3,67,3
861,67,3,67,3
862,67,3,67,3
863,67,3,67,2
864,67,3,67,3
865,67,3,67,3
866,67,3,67,3
867,67,3,67,3
868,67,3,67,3
869,67,3,67,3
870,67,3,67,3
871,67,3,67,3
872,67,3,67,3
873,67,3,67,3
874,67,3,67,3
875,67,3,67,3
876,67,3,67,3
877,67,3,67,3
878,67,3,67,3
879,67,3,67,3
880,67,3,67,3
881,67,3,67,3
882,67,3,67,3
883,67,3,67,3
884,67,3,67,3
885,67,3,67,3
886,67,3,67,3
887,67,3,67,3
888,67,3,67,3
889,67,3,67,3
890,67,3,67,3
891,67,3,67,3
892,67,3,67,3
893,67,3,67,3
894,67,3,67,3
895,67,3,67,3
896,67,3,67,3
897,67,3,67,3
898,67,3,67,3
899,67,3,67,3
900,67,3,67,3
901,67,3,67,3
902,67,3,67,3
903,67,3,67,3
904,67,3,67,3
905,67,3,67,3
906,67,3,67,3
907,67,3,67,3
908,67,3,67,3
909,67,3,67,3
910,67,3,67,3
911,67,3,67,3
912,67,3,67,3
913,67,3,67,3
914,67,3,67,3
915,67,3,67,3
916,67,3,67,3
917,67,3,67,3
918,67,3,67,3
919,67,3,67,3
920,67,3,67,3
921,67,3,67,3
922,67,3,67,3
923,67,2,67,2
924,67,2,67,2
925,67,2,67,2
926,67,2,67,2
927,67,2,67,2
928,67,2,67,2
929,67,2,67,2
930,67,2,67,2
931,67,2,67,2
932,67,2,67,2
933,67,2,67,2
934,67,2,67,2
935,67,2,67,2
936,67,2,67,2
937,67,2,67,2
938,67,2,67,2
939,67,2,67,2
940,67,2,67,2
941,67,2,67,2
942,67,2,67,2
943,67,2,67,2
944,67,2,67,2
945,67,2,67,2
946,67,2,67,2
947,67,2,67,2
948,67,2,67,2
949,67,2,67,2
950,67,2,67,2
951,67,2,67,2
952,67,2,67,2
953,67,2,67,2
954,67,2,67,2
955,67,2,67,2
956,67,2,67,2
957,67,2,67,2
958,67,2,67,2
959,67,2,67,2
960,67,2,67,2
961,67,2,67,2
962,67,2,67,2
963,67,2,67,2
964,67,2,67,2
965,67,2,67,2
966,67,2,67,2
967,67,2,67,2
968,67,2,67,2
969,67,2,67,2
970,67,2,67,2
971,67,2,67,2
972,67,2,67,2
973,67,2,67,2
974,67,2,67,2
975,67,2,67,2
976,67,2,67,2
977,67,2,67,2
978,67,2,67,2
979,67,2,67,2
980,67,2,67,2
981,67,2,67,2
982,67,2,67,2
983,67,2,67,2
984,67,2,67,2
985,67,2,67,2
986,67,1,67,1
987,67,1,67,1
988,67,1,67,1
989,67,1,67,1
990,67,1,67,1
991,67,1,67,1
992,67,3,67,3
993,67,3,67,3
994,67,3,67,3
995,67,3,67,3
996,67,3,67,3
997,67,3,67,3
998,67,3,67,3
999,67,3,67,3
1000,67,3,67,3
1001,67,3,67,3
1002,67,3,67,3
1003,67,3,-1,-1
1004,67,3,67,3
1005,67,3,67,3
1006,67,3,67,3
1007,67,3,67,3
1008,67,3,67,3
1009,67,3,67,3
1010,67,3,67,3
1011,67,3,67,3
1012,67,3,67,3
1013,67,3,67,3
1014,67,3,67,3
1015,67,3,67,3
1016,67,3,67,3
1017,67,3,67,3
1018,67,3,67,3
1019,67,3,67,3
1020,67,3,67,3
1021,67,3,67,3
1022,67,3,67,3
1023,67,3,67,3
1024,67,3,67,3
1025,67,3,67,3
1026,67,3,67,3
1027,67,3,67,3
1028,67,3,67,3
1029,67,3,67,3
1030,67,3,67,3
1031,67,3,67,3
1032,67,3,67,3
1033,67,3,67,3
1034,67,3,67,3
1035,67,4,67,4
1036,67,4,67,4
1037,67,4,67,4
1038,67,4,67,4
1039,67,4,67,4
1040,67,4,67,4
1041,67,4,67,4
1042,67,4,67,4
1043,67,4,67,4
1044,67,4,67,4
1045,67,4,67,4
1046,67,4,67,4
1047,67,4,67,4
1048,67,4,67,4
1049,67,4,67,4
1050,67,4,67,4
1051,67,4,67,4
1052,67,4,67,4
1053,67,4,67,4
1054,67,4,67,4
1055,67,4,67,4
1056,67,4,67,4
1057,67,4,67,4
1058,67,4,67,4
1059,67,3,67,3
1060,67,4,67,4
1061,67,3,67,3
1062,67,4,67,4
1063,68,1,68,1
1064,67,4,67,4
1065,67,4,67,4
1066,67,4,67,4
1067,67,4,67,4
1068,67,4,67,4
1069,67,4,67,4
1070,67,4,67,4
1071,67,4,67,4
1072,67,4,67,4
1073,67,4,67,4
1074,67,4,67,4
1075,67,4,67,4
1076,67,4,67,4
1077,64,4,67,4
1078,67,4,67,4
1079,67,4,67,4
1080,67,4,67,4
1081,67,4,67,4
1082,67,4,67,4
1083,67,4,67,4
1084,67,4,67,4
1085,67,4,67,4
1086,67,4,64,4
1087,67,4,67,4
1088,67,4,67,4
1089,67,4,67,4
1090,67,4,67,4
1091,67,4,67,4
1092,67,4,67,4
1093,67,4,67,4
1094,67,4,67,4
1095,67,4,67,4
1096,67,4,67,4
1097,67,4,67,4
1098,67,4,67,4
1099,67,4,67,4
1100,67,4,67,4
1101,67,4,67,4
1102,67,4,67,4
1103,67,4,67,4
1104,67,4,67,4
1105,67,4,67,4
1106,67,4,67,4
1107,67,4,67,4
1108,67,4,67,4
1109,67,4,67,4
1110,67,4,67,4
1111,67,4,67,4
1112,67,4,67,4
1113,67,4,67,4
1114,67,4,67,4
1115,67,4,67,4
1116,67,4,67,4
1117,67,4,67,4
1118,67,4,67,4
1119,67,4,67,4
1120,67,4,67,4
1121,-1,-1,-1,-1
1122,65,1,65,1
1123,65,1,65,1
1124,67,4,67,4
1125,67,4,67,4
1126,67,4,67,4
1127,67,4,67,4
1128,67,4,67,4
1129,67,4,67,4
1130,67,4,67,4
1131,67,4,67,4
1132,67,4,67,4
1133,67,4,67,4
1134,67,4,67,4
1135,67,4,67,4
1136,67,4,67,4
1137,67,4,67,4
1138,67,4,67,4
1139,67,4,67,4
1140,67,4,67,4
1141,67,4,67,4
1142,67,4,67,4
1143,67,4,67,4
1144,67,4,67,4
1145,67,4,67,4
1146,67,4,67,4
1147,67,4,67,4
1148,67,4,67,4
1149,67,4,67,4
1150,67,4,67,4
1151,67,4,67,4
1152,67,4,67,4
1153,67,4,67,4
1154,67,4,67,4
1155,67,4,67,4
1156,67,4,67,4
1157,67,4,67,4
1158,67,4,67,4
1159,67,4,67,4
1160,67,4,67,4
1161,67,4,67,4
1162,67,4,67,4
1163,67,4,67,4
1164,65,1,65,1
1165,65,1,65,1
1166,65,1,65,1
1167,65,1,65,1
1168,65,1,65,1
1169,65,1,67,1
1170,65,1,65,1
1171,65,1,65,1
1172,65,1,65,1
1173,65,1,65,1
1174,65,1,65,1
1175,65,4,70,3
1176,65,1,70,3
1177,65,1,70,3
1178,65,1,70,3
1179,65,1,70,3
1180,65,1,65,1
1181,65,1,65,1
1182,65,1,70,3
1183,65,1,70,3
1184,65,1,70,3
1185,65,1,65,1
1186,65,1,65,1
1187,67,4,67,4
1188,65,1,65,1
1189,67,4,67,4
1190,67,4,67,4
1191,67,4,67,4
1192,67,4,67,4
1193,67,4,67,4
1194,67,4,67,4
1195,67,4,67,4
1196,67,4,67,4
1197,67,4,67,4
1198,65,1,65,1
1199,65,1,65,1
1200,65,1,65,1
1201,67,4,66,4
1202,67,2,67,2
1203,67,2,67,2
1204,62,3,70,4
1205,67,2,67,2
1206,67,2,67,4
1207,67,2,67,2
1208,62,3,62,3
1209,67,2,67,2
1210,67,4,67,4
1211,67,2,67,2
1212,67,2,67,2
1213,67,2,67,2
1214,67,2,67,2
1215,67,2,67,2
1216,67,2,67,2
1217,67,2,67,2
1218,67,2,67,2
1219,67,2,67,2
1220,67,2,67,2
1221,67,2,67,2
1222,67,2,67,2
1223,67,2,67,2
1224,67,2,67,2
1225,67,2,67,2
1226,67,2,67,2
1227,67,2,67,2
1228,67,2,67,2
1229,67,2,67,2
1230,67,2,67,2
1231,67,2,67,2
1232,67,2,67,2
1233,67,2,67,2
1234,67,2,67,2
1235,67,2,67,2
1236,67,2,67,2
1237,67,2,67,2
1238,67,2,67,2
1239,67,2,67,2
1240,67,2,67,2
1241,67,2,67,2
1242,67,2,67,2
1243,62,3,67,2
1244,62,3,67,2
1245,62,3,62,3
1246,62,3,67,2
1247,62,3,68,2
1248,62,3,68,2
1249,62,3,68,2
1250,62,3,68,2
1251,62,3,68,2
1252,62,3,-1,-1
1253,67,2,67,2
1254,67,2,67,2
1255,67,2,67,2
1256,67,2,67,2
1257,67,2,67,2
1258,67,2,67,2
1259,67,2,67,2
1260,67,2,67,2
1261,66,1,66,1
1262,67,2,67,2
1263,67,2,67,2
1264,67,2,67,2
1265,67,2,67,2
1266,67,2,67,2
1267,67,2,67,2
1268,67,2,67,2
1269,67,2,67,2
1270,67,2,67,2
1271,67,2,67,2
1272,66,1,66,1
1273,66,1,66,1
1274,62,3,67,2
1275,66,1,66,1
1276,66,1,66,1
1277,66,1,66,1
1278,66,1,66,1
1279,66,1,66,1
1280,66,1,66,1
1281,66,1,66,1
1282,66,1,66,1
1283,66,1,66,1
1284,66,1,66,1
1285,66,1,66,1
1286,66,1,66,1
1287,66,1,66,1
1288,66,1,66,1
1289,66,1,66,1
1290,66,1,66,1
1291,66,1,66,1
1292,66,1,66,1
1293,66,1,66,1
1294,66,1,66,1
1295,66,1,66,1
1296,66,1,66,1
1297,66,1,66,1
1298,66,1,66,1
1299,66,1,66,1
1300,66,1,66,1
1301,66,1,66,1
1302,67,2,67,2
1303,67,2,67,2
1304,67,2,67,2
1305,67,2,67,2
1306,67,2,67,2
1307,67,2,67,2
1308,67,2,67,2
1309,67,2,67,2
1310,67,2,67,2
1311,67,2,67,2
1312,67,2,67,2
1313,67,2,67,2
1314,67,2,67,2
1315,67,2,67,2
1316,67,2,67,2
1317,67,2,67,2
1318,67,2,67,2
1319,67,2,67,2
1320,67,2,67,2
1321,67,2,67,2
1322,67,2,67,2
1323,67,2,67,2
1324,67,2,67,2
1325,67,2,67,2
1326,67,2,67,2
1327,67,2,67,2
1328,67,2,67,2
1329,67,2,67,2
1330,67,2,67,2
1331,67,2,67,2
1332,67,2,67,2
1333,67,2,67,2
1334,67,2,67,2
1335,67,2,67,2
1336,67,2,67,2
1337,67,2,67,2
1338,67,2,67,2
1339,67,2,67,2
1340,67,2,67,2
1341,67,2,67,2
1342,67,2,67,2
1343,67,2,67,2
1344,67,2,67,2
1345,67,2,67,2
1346,67,2,67,2
1347,67,2,67,2
1348,67,2,67,2
1349,67,2,67,2
1350,67,2,67,2
1351,67,2,67,2
1352,67,2,67,2
1353,67,1,67,1
1354,67,1,67,1
1355,67,1,67,1
1356,64,3,67,2
1357,64,3,67,2
1358,64,3,67,2
1359,64,3,67,2
1360,67,1,67,1
1361,67,1,67,1
1362,67,1,67,1
1363,67,1,67,1
1364,67,1,67,1
1365,64,4,64,4
1366,64,4,64,4
1367,64,4,64,4
1368,64,4,-1,-1
1369,64,4,-1,-1
1370,64,4,64,4
1371,64,4,64,4
1372,64,4,64,4
1373,64,4,64,4
1374,64,4,67,2
1375,64,4,64,4
1376,67,1,67,1
1377,67,1,67,1
1378,67,1,67,1
1379,67,1,67,1
1380,67,1,67,1
1381,67,1,67,1
1382,67,1,67,1
1383,67,1,67,1
1384,67,1,67,1
1385,67,1,67,1
1386,67,1,67,1
1387,67,1,67,1
1388,67,1,67,1
1389,67,1,67,1
1390,67,1,67,1
1391,67,1,67,1
1392,67,1,67,1
1393,67,1,67,1
1394,67,1,67,1
1395,67,1,67,1
1396,67,1,67,1
1397,67,1,67,1
1398,67,1,67,1
1399,67,1,67,1
1400,67,1,67,1
1401,67,1,67,1
1402,67,1,67,1
1403,67,1,67,1
1404,67,1,67,1
1405,67,1,67,1
1406,67,1,67,1
1407,67,1,67,1
1408,67,1,67,1
1409,67,1,67,1
1410,67,1,67,1
1411,67,1,67,1
1412,67,1,67,1
1413,67,1,67,1
1414,67,1,67,1
1415,67,1,67,1
1416,67,1,67,1
1417,67,1,67,1
1418,67,1,67,1
1419,67,1,67,1
1420,67,1,67,1
1421,67,1,67,1
1422,67,1,67,1
1423,67,1,67,1
1424,67,1,67,1
1425,67,1,67,1
1426,67,1,67,1
1427,67,1,67,1
1428,67,1,67,1
1429,67,1,67,1
1430,67,1,67,1
1431,67,1,67,1
1432,67,1,67,1
1433,67,1,67,1
1434,67,3,67,3
1435,67,1,67,1
1436,67,1,67,1
1437,67,1,67,1
1438,66,1,66,1
1439,66,1,66,1
1440,66,1,66,1
1441,66,1,66,1
1442,66,1,66,1
1443,66,1,66,1
1444,66,1,66,1
1445,66,1,66,1
1446,66,1,66,1
1447,66,1,66,1
1448,66,1,66,1
1449,66,1,66,1
1450,66,1,66,1
1451,66,1,66,1
1452,66,1,66,1
1453,66,1,66,1
1454,66,1,66,1
1455,66,1,66,1
1456,66,1,66,1
1457,66,1,66,1
1458,66,1,66,1
1459,66,1,66,1
1460,66,1,66,1
1461,67,1,67,1
1462,67,1,67,1
1463,67,1,67,1
1464,67,1,67,1
1465,67,1,67,1
1466,67,1,67,1
1467,67,1,67,1
1468,67,1,67,1
1469,66,1,66,1
1470,67,1,67,1
1471,67,1,67,1
1472,67,1,67,1
1473,67,1,67,1
1474,67,1,67,1
1475,67,1,67,1
1476,67,1,67,1
1477,67,1,67,1
1478,67,1,67,1
1479,67,1,67,1
1480,67,1,67,1
1481,67,1,67,1
1482,67,1,67,1
1483,67,1,67,1
1484,67,1,67,1
1485,67,1,67,1
1486,67,1,67,1
1487,67,1,67,1
1488,67,1,67,1
1489,67,1,67,1
1490,67,1,67,1
1491,67,1,67,1
1492,67,1,67,1
1493,67,1,67,1
1494,67,1,67,1
1495,67,1,67,1
1496,67,1,67,1
1497,67,1,67,1
1498,67,1,67,1
1499,67,1,67,1
1500,67,1,67,1
1501,67,1,67,1
1502,67,1,67,1
1503,67,1,67,1
1504,67,1,67,1
1505,67,1,67,1
1506,67,1,67,1
1507,67,1,67,1
1508,67,1,67,1
1509,67,1,67,1
1510,67,1,67,1
1511,67,1,67,1
1512,67,1,67,1
1513,67,1,67,1
1514,67,1,67,1
1515,67,1,67,1
1516,67,1,67,1
1517,67,1,67,1
1518,67,1,67,1
1519,67,1,67,1
1520,67,1,67,1
1521,67,1,67,1
1522,67,1,67,1
1523,-1,-1,-1,-1
1524,65,1,65,1
1525,65,1,65,1
1526,65,1,65,1
1527,65,1,65,1
1528,65,1,65,1
1529,65,1,65,1
1530,65,1,65,1
1531,64,1,69,2
1532,64,1,69,2
1533,64,1,69,2
1534,65,1,65,1
1535,65,1,69,2
1536,65,1,69,2
1537,65,1,65,1
1538,65,1,65,1
1539,65,1,65,1
1540,65,1,65,1
1541,65,1,65,1
1542,65,1,65,1
1543,65,1,65,1
1544,65,1,65,1
1545,65,1,65,1
1546,65,1,65,1
1547,65,1,65,1
1548,65,1,65,1
1549,65,1,65,1
1550,65,1,65,1
1551,65,1,65,1
1552,65,1,65,1
1553,67,1,65,1
1554,65,1,65,1
1555,65,1,65,1
1556,65,1,65,1
1557,65,1,65,1
1558,65,1,65,1
1559,65,1,65,1
1560,65,1,65,1
1561,65,3,65,3
1562,65,3,65,3
1563,67,4,67,4
1564,65,3,65,3
1565,65,3,65,3
1566,65,3,65,3
1567,67,4,67,4
1568,65,3,65,3
1569,65,3,65,3
1570,65,3,65,3
1571,65,3,65,3
1572,65,3,65,3
1573,65,3,65,3
1574,65,3,65,3
1575,65,3,65,3
1576,65,3,-1,-1
1577,65,3,-1,-1
1578,65,-1,-1,-1
1579,65,3,-1,-1
1580,65,3,65,3
1581,67,4,67,4
1582,67,4,67,4
1583,67,4,67,4
1584,67,4,67,4
1585,67,4,67,4
1586,67,4,67,4
1587,67,4,67,4
1588,67,4,67,4
1589,67,4,67,4
1590,67,4,67,4
1591,67,4,67,4
1592,67,4,67,4
1593,67,4,67,4
1594,67,4,67,4
1595,67,4,67,4
1596,67,4,67,4
1597,67,4,67,4
1598,-1,-1,-1,-1
1599,-1,-1,-1,-1
1600,-1,-1,-1,-1
1601,63,4,67,3
1602,63,4,67,3
1603,63,4,70,1
1604,63,4,70,1
1605,63,4,67,2
1606,64,1,67,2
1607,67,1,67,1
1608,67,1,67,1
1609,67,1,67,1
1610,67,1,67,1
1611,67,1,67,1
1612,67,1,67,1
1613,67,1,67,1
1614,67,1,67,1
1615,67,1,67,1
1616,65,1,65,1
1617,67,1,67,1
1618,67,1,67,1
1619,67,1,67,1
1620,67,1,67,1
1621,67,1,67,1
1622,67,1,67,1
1623,67,1,67,1
1624,67,1,67,1
1625,67,1,67,1
1626,67,1,67,1
1627,67,1,67,1
1628,67,1,67,1
1629,67,1,67,1
1630,67,1,67,1
1631,67,1,67,1
1632,67,1,67,1
1633,67,4,67,4
1634,67,4,67,4
1635,67,4,67,4
1636,67,4,67,1
1637,67,4,67,4
1638,67,4,67,4
1639,67,4,67,4
1640,67,4,67,4
1641,67,4,67,4
1642,67,4,67,4
1643,67,4,67,4
1644,67,4,67,4
1645,67,4,67,4
1646,67,4,67,4
1647,67,4,67,4
1648,67,4,67,4
1649,67,4,67,4
1650,67,4,67,4
1651,67,4,67,4
1652,67,4,67,4
1653,67,4,67,4
1654,67,4,67,4
1655,67,4,67,4
1656,67,4,-1,-1
1657,67,4,67,4
1658,67,4,67,4
1659,67,4,67,4
1660,67,4,-1,-1
1661,67,4,67,4
1662,67,4,67,4
1663,67,4,67,4
1664,67,4,-1,-1
1665,67,4,67,4
1666,67,4,67,4
1667,67,4,67,4
1668,67,4,67,4
1669,67,4,67,4
1670,63,4,67,2
1671,63,4,67,2
1672,63,4,67,2
1673,64,1,67,2
1674,64,1,67,2
1675,64,1,67,2
1676,64,1,67,2
1677,64,1,67,2
1678,64,1,67,2
1679,64,1,-1,-1
1680,63,4,67,2
1681,64,1,67,2
1682,63,4,67,2
1683,63,4,67,2
1684,63,4,67,2
1685,63,4,67,2
1686,63,4,67,2
1687,63,4,67,2
1688,63,4,67,2
1689,63,4,67,2
1690,63,4,67,2
1691,63,4,67,4
1692,63,4,67,2
1693,63,4,-1,-1
1694,63,4,-1,-1
1695,64,1,-1,-1
1696,63,4,-1,-1
1697,63,4,67,2
1698,64,1,-1,-1
1699,64,1,-1,-1
1700,64,1,67,2
1701,64,1,67,2
1702,64,1,67,2
1703,64,1,67,2
1704,64,1,67,2
1705,64,2,67,2
1706,64,2,67,2
1707,64,1,67,2
1708,64,1,67,2
1709,64,1,67,2
1710,64,1,67,2
1711,64,1,67,2
1712,64,1,67,2
1713,64,1,67,2
1714,64,1,67,2
1715,64,1,-1,-1
1716,64,1,-1,-1
1717,64,1,-1,-1
1718,64,1,-1,-1
1719,64,1,67,2
1720,64,3,67,2
1721,64,3,67,2
1722,64,3,67,2
1723,64,3,67,2
1724,64,3,67,2
1725,64,3,-1,-1
1726,66,1,66,1
1727,66,1,66,1
1728,66,1,66,1
1729,66,1,66,1
1730,62,4,69,3
1731,62,4,69,3
1732,62,3,69,3
1733,62,3,71,4
1734,62,3,70,2
1735,62,3,70,2
1736,66,1,66,1
1737,66,1,66,1
1738,62,3,71,4
1739,62,3,68,2
1740,64,4,67,1
1741,64,4,67,1
1742,62,3,69,3
1743,64,4,67,1
1744,62,3,69,3
1745,62,3,69,3
1746,66,1,66,1
1747,62,3,70,2
1748,62,3,69,3
1749,62,3,68,2
1750,62,3,68,2
1751,62,3,69,3
1752,62,3,69,3
1753,62,3,69,3
1754,62,3,69,3
1755,62,3,69,3
1756,62,3,62,3
1757,62,3,70,3
1758,62,3,69,3
1759,62,3,68,2
1760,62,3,68,2
1761,66,1,66,1
1762,66,1,66,1
1763,66,1,66,1
1764,66,1,66,1
1765,66,1,66,1
1766,66,1,66,1
1767,64,4,64,4
1768,64,4,64,4
1769,64,4,64,4
1770,64,4,64,4
1771,64,4,64,4
1772,64,4,64,4
1773,64,4,64,4
1774,64,4,64,4
1775,64,4,64,4
1776,64,4,64,4
1777,64,4,64,4
1778,64,4,64,4
1779,64,4,64,4
1780,64,4,64,4
1781,64,4,64,4
1782,64,4,64,4
1783,64,4,64,4
1784,64,4,68,1
1785,66,1,66,1
1786,66,1,66,1
1787,66,1,66,1
1788,66,1,66,1
1789,66,1,66,1
1790,66,1,66,1
1791,66,1,66,1
1792,66,1,66,1
1793,66,1,66,1
1794,66,1,66,1
1795,66,1,66,1
1796,66,1,66,1
1797,66,1,66,1
1798,66,1,66,1
1799,66,1,66,1
1800,62,3,71,4
1801,66,1,66,1
1802,66,1,66,1
1803,66,1,66,1
1804,66,1,66,1
1805,64,4,64,4
1806,66,1,66,1
1807,66,1,66,1
1808,62,3,68,2
1809,64,3,67,3
1810,64,3,67,3
1811,64,3,67,3
1812,64,3,67,3
1813,64,3,67,3
1814,64,3,67,3
1815,64,3,67,3
1816,64,3,67,3
1817,64,3,67,3
1818,64,3,67,3
1819,64,4,64,4
1820,64,4,64,4
1821,64,4,64,4
1822,64,4,64,4
1823,64,4,64,4
1824,64,4,64,4
1825,64,3,67,3
1826,64,4,64,4
1827,64,4,64,4
1828,64,4,64,4
1829,64,4,64,4
1830,64,4,64,4
1831,64,4,64,4
1832,64,4,64,4
1833,64,4,64,4
1834,64,4,64,4
1835,64,4,64,4
1836,64,4,64,4
1837,64,4,64,4
1838,64,4,64,4
1839,64,4,64,4
1840,65,1,65,1
1841,63,4,-1,-1
1842,65,4,-1,-1
1843,65,4,65,4
1844,65,4,-1,-1
1845,-1,-1,-1,-1
1846,64,3,67,3
1847,64,3,67,3
1848,64,3,67,3
1849,64,3,67,3
1850,64,3,67,3
1851,64,3,67,3
1852,64,3,67,3
1853,64,3,67,3
1854,64,3,-1,-1
1855,64,3,67,3
1856,64,3,67,3
1857,64,3,67,3
1858,64,3,67,3
1859,64,3,67,3
1860,64,3,67,3
1861,64,3,67,3
1862,64,3,-1,-1
1863,64,3,67,3
1864,64,3,67,3
1865,64,3,67,3
1866,64,4,64,4
1867,64,4,64,4
1868,64,4,64,4
1869,64,4,64,4
1870,64,4,-1,-1
1871,64,4,64,4
1872,64,4,64,4
1873,64,3,67,3
1874,64,4,64,4
1875,64,4,-1,-1
1876,65,4,-1,-1
1877,-1,-1,-1,-1
1878,65,3,-1,-1
1879,-1,-1,-1,-1
1880,65,3,65,3
1881,65,4,-1,-1
1882,68,2,-1,-1
1883,65,3,-1,-1
1884,65,3,65,3
1885,65,3,65,3
1886,65,3,65,3
1887,65,3,65,3
1888,66,4,66,4
1889,66,4,66,4
1890,64,3,67,2
1891,64,3,67,2
1892,64,3,67,1
1893,64,3,67,2
1894,64,3,67,2
1895,64,3,64,3
1896,64,3,67,2
1897,64,3,67,2
1898,64,3,67,1
1899,64,3,67,2
1900,64,3,66,1
1901,64,3,67,1
1902,65,3,65,3
1903,65,3,65,3
1904,65,3,65,3
1905,65,3,65,3
1906,65,3,65,3
1907,65,3,65,3
1908,65,3,65,3
1909,65,3,-1,-1
1910,65,3,-1,-1
1911,65,3,65,3
1912,65,3,65,3
1913,65,3,65,3
1914,65,3,65,3
1915,65,3,65,3
1916,65,3,65,3
1917,65,3,65,3
1918,65,3,65,3
1919,65,3,65,3
1920,65,3,65,3
1921,65,3,65,3
1922,64,3,64,3
1923,65,3,65,3
1924,65,3,65,3
1925,64,3,66,4
1926,64,3,67,1
1927,64,3,67,1
1928,64,3,67,1
1929,64,3,67,1
1930,64,3,67,1
1931,64,3,67,1
1932,64,3,67,1
1933,64,3,67,1
1934,64,3,67,1
1935,64,3,67,1
1936,66,1,66,1
1937,67,1,67,1
1938,67,1,67,1
1939,67,1,67,1
1940,65,3,65,3
1941,65,3,65,3
1942,65,3,65,3
1943,65,3,65,3
1944,65,3,65,3
1945,65,3,65,3
1946,65,3,65,3
1947,65,3,-1,-1
1948,65,3,-1,-1
1949,65,3,65,3
1950,65,3,65,3
1951,65,3,65,3
1952,65,3,65,3
1953,65,3,65,3
1954,65,3,65,3
1955,65,3,65,3
1956,65,3,65,3
1957,65,1,-1,-1
1958,65,3,65,3
1959,65,3,65,3
1960,65,3,65,3
1961,65,3,65,3
1962,65,3,65,3
1963,65,3,65,3
1964,65,3,65,3
1965,65,3,65,3
1966,66,3,-1,-1
1967,65,3,65,3
1968,65,3,-1,-1
1969,65,3,65,3
1970,65,3,65,3
1971,65,3,65,3
1972,65,3,65,3
1973,65,3,65,3
1974,65,3,-1,-1
1975,65,3,65,3
1976,65,3,65,3
1977,65,3,65,3
1978,65,3,65,3
1979,65,3,65,3
1980,65,3,65,3
1981,65,3,65,3
1982,65,3,65,3
1983,65,3,65,3
1984,65,3,65,3
1985,65,3,-1,-1
1986,65,3,65,3
1987,65,3,65,3
1988,65,3,65,3
1989,65,3,65,3
1990,65,3,65,3
1991,65,3,65,3
1992,65,3,65,3
1993,65,3,65,3
1994,65,3,65,3
1995,65,3,65,3
1996,65,3,65,3
1997,65,3,65,3
1998,65,3,65,3
1999,65,3,65,3
2000,65,3,65,3
2001,65,3,65,3
2002,65,3,65,3
2003,65,3,65,3
2004,65,3,-1,-1
2005,65,3,-1,-1
2006,65,3,-1,-1
2007,65,3,-1,-1
2008,65,3,65,3
2009,65,3,65,3
2010,65,3,65,3
2011,65,3,65,3
2012,-1,-1,-1,-1
2013,65,3,-1,-1
2014,65,3,-1,-1
2015,64,3,67,2
2016,64,3,67,2
2017,65,3,67,2
2018,64,3,67,2
2019,65,3,67,1
2020,65,3,65,3
2021,65,3,65,3
2022,64,3,67,2
2023,64,3,67,2
2024,64,3,67,2
2025,64,3,67,2
2026,64,3,67,2
2027,64,3,67,2
2028,64,3,67,2
2029,64,3,67,2
2030,64,3,67,2
2031,64,3,67,2
2032,64,3,67,2
2033,64,3,67,2
2034,65,1,67,2
2035,64,1,67,2
2036,65,1,67,2
2037,65,1,67,2
2038,65,1,67,2
2039,65,1,67,2
2040,65,1,67,2
2041,65,1,65,3
2042,-1,-1,-1,-1
2043,-1,-1,-1,-1
2044,65,1,65,3
2045,65,1,65,3
2046,65,1,65,3
2047,65,1,65,3
2048,65,1,65,3
2049,65,1,65,3
2050,65,3,65,3
2051,65,3,65,3
2052,65,3,65,3
2053,65,3,65,3
2054,65,3,65,3
2055,65,3,65,3
2056,65,3,65,3
2057,65,3,65,3
2058,65,3,65,3
2059,65,3,65,3
2060,65,3,65,3
2061,65,3,65,3
2062,65,3,65,3
2063,65,3,65,3
2064,65,3,65,3
2065,65,3,65,3
2066,65,3,65,3
2067,65,3,65,3
2068,65,3,65,3
2069,65,3,-1,-1
2070,65,3,65,3
2071,65,3,65,3
2072,65,3,65,3
2073,65,3,65,3
2074,65,3,65,3
2075,65,3,65,3
2076,65,3,65,3
2077,65,3,65,3
2078,65,3,65,3
2079,65,3,65,3
2080,65,3,65,3
2081,65,3,65,3
2082,65,3,65,3
2083,65,3,65,3
2084,65,3,65,3
2085,65,3,65,3
2086,65,3,65,3
2087,65,3,65,3
2088,65,3,65,3
2089,65,3,-1,-1
2090,65,3,65,3
2091,65,3,65,3
2092,65,3,65,3
2093,65,3,65,3
2094,65,3,65,3
2095,65,3,65,3
2096,65,3,65,3
2097,65,3,65,3
2098,65,3,65,3
2099,65,3,65,3
2100,65,3,65,3
2101,65,3,65,3
2102,65,3,65,3
2103,65,3,65,3
2104,65,3,65,3
2105,65,3,65,3
2106,65,3,65,3
2107,65,3,65,3
2108,64,3,67,2
2109,64,3,64,3
2110,64,3,64,3
2111,64,3,67,2
2112,64,3,67,2
2113,64,3,67,2
2114,64,3,67,2
2115,65,3,65,3
2116,65,3,65,3
2117,65,3,65,3
2118,-1,-1,-1,-1
2119,65,3,-1,-1
2120,65,3,65,3
2121,65,3,65,3
2122,65,3,65,3
2123,65,3,65,3
2124,65,3,-1,-1
2125,65,3,65,3
2126,65,3,-1,-1
2127,65,3,-1,-1
2128,65,3,65,3
2129,65,3,-1,-1
2130,65,4,-1,-1
2131,65,3,65,3
2132,65,3,65,3
2133,65,3,65,3
2134,65,3,65,3
2135,65,3,65,3
2136,65,3,65,3
2137,65,3,65,3
2138,65,3,65,3
2139,65,3,65,3
2140,65,3,65,3
2141,65,3,65,3
2142,65,3,65,3
2143,65,3,65,3
2144,65,3,65,3
2145,65,3,65,3
2146,65,3,65,3
2147,65,3,65,3
2148,65,3,65,3
2149,65,3,65,3
2150,65,3,-1,-1
2151,65,3,65,3
2152,65,3,65,3
2153,65,3,65,3
2154,65,3,65,3
2155,65,3,65,3
2156,65,3,65,3
2157,65,3,-1,-1
2158,65,3,65,3
2159,65,3,65,3
2160,65,3,65,3
2161,65,3,65,3
2162,65,3,65,3
2163,65,3,65,3
2164,65,3,65,3
2165,65,3,-1,-1
2166,65,3,65,3
2167,65,3,65,3
2168,65,3,65,3
2169,65,3,65,3
2170,65,3,65,3
2171,65,3,65,3
2172,65,3,65,3
2173,65,3,65,3
2174,65,3,65,3
2175,65,3,65,3
2176,64,3,67,2
2177,64,3,67,2
2178,64,3,67,2
2179,64,3,67,2
2180,64,3,67,2
2181,64,3,67,2
2182,64,3,67,2
2183,64,3,67,2
2184,64,3,67,2
2185,64,4,67,2
2186,64,3,67,2
2187,64,3,67,2
2188,64,3,-1,-1
2189,64,3,-1,-1
2190,64,3,67,2
2191,64,3,67,2
2192,64,3,67,2
2193,65,3,65,3
2194,65,3,65,3
2195,65,3,65,3
2196,65,3,65,3
2197,66,2,-1,-1
2198,65,3,65,3
2199,65,3,65,3
2200,65,3,65,3
2201,65,3,-1,-1
2202,65,3,65,3
2203,65,3,65,3
2204,65,3,65,3
2205,65,3,65,3
2206,65,3,65,3
2207,65,3,65,3
2208,65,3,65,3
2209,65,3,65,3
2210,65,3,65,3
2211,65,3,65,3
2212,65,3,65,3
2213,65,3,65,3
2214,65,3,65,3
2215,65,3,65,3
2216,65,3,65,3
2217,65,3,65,3
2218,65,3,65,3
2219,65,3,65,3
2220,65,3,65,3
2221,65,3,65,3
2222,65,3,65,3
2223,65,3,65,3
2224,65,3,65,3
2225,65,3,65,3
2226,65,3,65,3
2227,65,3,65,3
2228,65,3,65,3
2229,65,3,65,3
2230,65,3,-1,-1
2231,65,3,65,3
2232,65,3,-1,-1
2233,65,3,-1,-1
2234,65,3,65,3
2235,65,3,65,3
2236,65,3,65,3
2237,65,3,65,3
2238,65,3,-1,-1
2239,65,4,-1,-1
2240,66,2,-1,-1
2241,65,4,-1,-1
2242,65,4,-1,-1
2243,65,4,-1,-1
2244,67,1,67,1
2245,67,1,67,1
2246,64,3,66,4
2247,64,3,66,4
2248,64,3,66,4
2249,64,3,66,4
2250,64,3,66,4
2251,64,3,66,4
2252,64,3,66,4
2253,64,3,66,4
2254,64,3,66,4
2255,64,3,66,4
2256,64,3,66,4
2257,64,3,66,4
2258,64,4,67,2
2259,64,4,67,2
2260,64,4,67,2
2261,65,1,67,2
2262,-1,-1,-1,-1
2263,64,4,67,2
2264,64,3,66,4
2265,65,1,67,2
2266,64,3,66,4
2267,64,3,66,4
2268,64,3,66,4
2269,64,3,66,4
2270,64,3,66,4
2271,64,3,66,4
2272,64,3,66,4
2273,64,3,66,4
2274,64,3,66,4
2275,64,3,66,4
2276,64,3,66,4
2277,64,3,66,4
2278,64,3,66,4
2279,64,3,66,4
2280,64,3,66,4
2281,64,3,66,4
2282,65,1,67,3
2283,64,3,66,4
2284,64,3,66,4
2285,64,3,66,4
2286,64,3,66,4
2287,62,3,71,4
2288,62,3,68,1
2289,62,3,62,3
2290,62,3,68,1
2291,66,1,66,1
2292,66,1,66,1
2293,62,3,68,1
2294,62,3,68,1
2295,62,3,68,1
2296,62,3,68,1
2297,62,3,68,1
2298,62,3,68,1
2299,62,3,68,1
2300,62,3,68,1
2301,62,3,68,1
2302,62,3,68,1
2303,62,3,68,1
2304,62,3,68,1
2305,62,3,68,2
2306,62,3,68,1
2307,62,3,68,1
2308,62,3,68,2
2309,62,3,62,3
2310,62,3,71,4
2311,62,3,71,4
2312,62,3,71,4
2313,62,3,71,4
2314,62,4,71,4
2315,62,3,62,3
2316,62,3,68,2
2317,62,3,68,2
2318,62,3,68,2
2319,62,3,68,2
2320,62,3,68,2
2321,66,1,66,1
2322,66,1,66,1
2323,66,1,66,1
2324,66,1,66,1
2325,66,1,66,1
2326,66,1,66,1
2327,67,4,67,4
2328,66,4,67,4
2329,66,1,66,1
2330,66,1,66,1
2331,66,1,66,1
2332,66,1,66,1
2333,66,1,66,1
2334,66,1,66,1
2335,66,2,66,2
2336,66,2,66,2
2337,66,2,66,2
2338,66,2,66,2
2339,66,1,66,1
2340,65,4,65,4
2341,65,4,-1,-1
2342,64,3,67,2
2343,64,3,67,2
2344,64,4,64,4
2345,64,4,64,4
2346,64,4,64,4
2347,65,3,65,3
2348,65,3,65,3
2349,65,3,65,3
2350,65,4,65,4
2351,65,4,65,4
2352,65,4,65,4
2353,65,4,65,4
2354,65,4,65,4
2355,65,4,-1,-1
2356,65,4,65,4
2357,65,4,65,4
2358,65,4,65,4
2359,65,4,65,4
2360,65,4,65,4
2361,65,4,65,4
2362,65,4,65,4
2363,65,4,65,4
2364,65,4,65,4
2365,65,4,65,4
2366,65,4,65,4
2367,65,4,-1,-1
2368,65,4,65,4
2369,65,4,65,4
2370,65,4,65,4
2371,65,4,65,4
2372,66,1,66,1
2373,65,4,65,4
2374,66,1,66,1
2375,66,1,66,1
2376,66,2,66,2
2377,66,1,66,1
2378,66,2,66,2
2379,66,1,66,1
2380,66,2,66,2
2381,66,2,66,2
2382,64,4,64,4
2383,66,1,66,1
2384,65,4,65,4
2385,65,4,65,4
2386,65,3,65,3
2387,65,3,65,3
2388,65,4,65,4
2389,65,4,65,4
2390,65,4,65,4
2391,65,4,65,4
2392,65,4,65,4
2393,65,4,65,4
2394,65,4,65,4
2395,65,4,65,4
2396,65,4,65,4
2397,65,4,65,4
2398,65,4,-1,-1
2399,65,4,65,4
2400,65,4,65,4
2401,65,4,65,4
2402,65,4,65,4
2403,65,4,-1,-1
2404,65,4,65,4
2405,65,4,65,4
2406,65,4,65,4
2407,65,4,65,4
2408,65,4,65,4
2409,65,4,65,4
2410,65,4,65,4
2411,65,4,65,4
2412,65,4,65,4
2413,65,4,65,4
2414,65,4,65,4
2415,65,4,65,4
2416,65,4,65,4
2417,65,4,65,4
2418,65,4,65,4
2419,65,4,65,4
2420,65,4,65,4
2421,-1,-1,-1,-1
2422,65,4,65,4
2423,65,4,65,4
2424,65,4,65,4
2425,65,4,65,4
2426,65,4,65,4
2427,65,4,65,4
2428,65,4,65,4
2429,65,4,65,4
2430,65,4,65,4
2431,65,4,65,4
2432,65,4,65,4
2433,65,4,-1,-1
2434,65,4,65,4
2435,65,3,65,3
2436,65,3,65,3
2437,65,3,65,3
2438,65,3,65,3
2439,65,3,65,3
2440,65,3,65,3
2441,65,3,65,3
2442,65,3,65,3
2443,65,3,65,3
2444,65,3,65,3
2445,65,3,65,3
2446,65,3,65,3
2447,65,3,65,3
2448,65,3,65,3
2449,65,3,65,3
2450,65,3,65,3
2451,65,3,65,3
2452,65,4,-1,-1
2453,65,4,-1,-1
2454,65,4,-1,-1
2455,65,4,-1,-1
2456,65,4,-1,-1
2457,65,4,65,4
2458,65,4,65,4
2459,65,4,65,4
2460,65,4,65,4
2461,65,4,65,4
2462,65,4,65,4
2463,65,4,65,4
2464,65,4,65,4
2465,65,4,65,4
2466,-1,-1,-1,-1
2467,65,3,65,3
2468,65,3,65,3
2469,65,3,65,3
2470,65,3,65,3
2471,65,3,-1,-1
2472,65,3,65,3
2473,65,4,65,4
2474,65,4,65,4
2475,65,4,65,4
2476,65,4,65,4
2477,65,4,65,4
2478,65,4,65,4
2479,65,4,65,4
2480,65,4,65,4
2481,65,4,65,4
2482,65,4,65,4
2483,65,4,65,4
2484,65,4,65,4
2485,65,4,65,4
2486,65,4,65,4
2487,65,4,65,3
2488,65,4,65,4
2489,-1,-1,-1,-1
2490,65,4,65,4
2491,65,4,65,4
2492,65,4,65,4
2493,65,4,65,4
2494,65,4,65,4
2495,65,4,65,4
2496,-1,-1,-1,-1
2497,65,4,65,4
2498,65,4,65,4
2499,65,4,65,4
2500,65,4,65,4
2501,65,4,65,4
2502,-1,-1,-1,-1
2503,65,4,65,4
2504,65,4,65,4
2505,65,3,65,3
2506,65,4,65,4
2507,65,4,65,4
2508,65,4,65,4
2509,65,4,-1,-1
2510,65,4,-1,-1
2511,65,4,65,4
2512,65,4,65,4
2513,65,4,65,4
2514,65,4,-1,-1
2515,65,3,65,3
2516,65,4,65,4
2517,65,4,65,4
2518,65,4,65,4
2519,65,4,65,4
2520,65,4,65,4
2521,65,4,-1,-1
2522,65,4,65,4
2523,65,4,65,4
2524,65,4,65,4
2525,65,4,65,4
2526,65,4,65,4
2527,65,4,65,4
2528,65,4,65,4
2529,65,4,65,4
2530,65,4,65,4
2531,65,4,65,4
2532,65,4,-1,-1
2533,65,4,65,4
2534,65,4,-1,-1
2535,65,4,65,4
2536,65,4,65,4
2537,65,4,65,4
2538,65,4,65,4
2539,65,4,65,4
2540,65,4,65,4
2541,65,4,65,4
2542,65,4,65,4
2543,65,4,-1,-1
2544,65,4,65,4
2545,65,4,65,4
2546,65,3,-1,-1
2547,65,3,65,3
2548,65,4,65,4
2549,65,4,65,4
2550,65,4,65,4
2551,65,4,65,4
2552,65,4,-1,-1
2553,65,4,-1,-1
2554,65,4,65,4
2555,65,4,65,4
2556,65,4,65,4
2557,65,4,65,4
2558,65,4,-1,-1
2559,65,4,-1,-1
2560,65,4,65,4
2561,65,4,65,4
2562,65,4,65,4
2563,65,4,65,4
2564,65,4,65,4
2565,65,4,-1,-1
2566,65,4,-1,-1
2567,65,4,65,4
2568,65,4,-1,-1
2569,65,4,65,4
2570,65,4,65,4
2571,65,4,65,4
2572,65,4,65,4
2573,65,4,65,4
2574,65,4,65,4
2575,65,4,65,4
2576,65,4,65,4
2577,65,4,65,4
2578,65,4,65,4
2579,65,4,65,4
2580,65,4,65,4
2581,65,4,-1,-1
2582,65,4,-1,-1
2583,65,4,65,4
2584,65,4,65,4
2585,65,4,65,4
2586,66,1,66,1
2587,64,3,71,3
2588,65,4,65,4
2589,65,4,65,4
2590,65,4,65,4
2591,65,4,65,4
2592,65,4,-1,-1
2593,65,4,65,4
2594,65,4,65,4
2595,65,4,65,4
2596,65,4,65,4
2597,65,4,65,4
2598,65,4,65,4
2599,65,4,65,4
2600,65,4,65,4
2601,65,4,65,4
2602,65,4,65,4
2603,65,4,65,4
2604,65,4,65,4
2605,65,4,65,4
2606,65,4,65,4
2607,65,4,65,4
2608,65,4,65,4
2609,65,4,65,4
2610,65,4,65,4
2611,65,4,65,4
2612,65,4,65,4
2613,65,4,65,4
2614,65,4,65,4
2615,65,4,65,4
2616,65,4,65,4
2617,65,4,65,4
2618,65,4,65,4
2619,65,4,65,4
2620,65,4,65,4
2621,65,4,65,4
2622,65,4,65,4
2623,65,4,-1,-1
2624,65,4,-1,-1
2625,65,4,65,4
2626,65,4,-1,-1
2627,65,4,-1,-1
2628,66,1,66,1
2629,65,4,-1,-1
2630,65,4,65,4
2631,65,4,65,4
2632,65,4,65,4
2633,65,4,-1,-1
2634,65,4,65,4
2635,65,4,65,4
2636,65,4,65,4
2637,65,4,65,4
2638,65,4,65,4
2639,65,4,65,4
2640,65,4,65,4
2641,65,4,65,4
2642,65,4,65,4
2643,65,4,65,4
2644,65,4,65,4
2645,65,4,65,4
2646,65,4,65,4
2647,65,4,65,4
2648,65,4,65,4
2649,65,4,65,4
2650,65,4,65,4
2651,65,4,65,4
2652,65,4,65,4
2653,65,4,65,4
2654,65,4,65,4
2655,65,4,65,4
2656,65,4,-1,-1
2657,65,4,65,4
2658,65,4,65,4
2659,65,4,65,4
2660,65,4,65,4
2661,65,4,65,4
2662,65,4,65,4
2663,65,4,-1,-1
2664,65,4,65,4
2665,65,4,-1,-1
2666,65,4,-1,-1
2667,65,4,-1,-1
2668,65,4,-1,-1
2669,65,4,65,4
2670,65,4,-1,-1
2671,65,4,-1,-1
2672,65,4,-1,-1
2673,65,4,-1,-1
2674,65,4,65,4
2675,65,4,-1,-1
2676,64,4,-1,-1
2677,65,4,-1,-1
2678,65,4,-1,-1
2679,65,4,65,4
2680,65,4,65,4
2681,65,4,65,4
2682,65,4,65,4
2683,65,4,65,4
2684,65,4,65,4
2685,65,4,65,4
2686,65,4,65,4
2687,65,4,65,4
2688,65,4,65,4
2689,65,4,-1,-1
2690,65,4,65,4
2691,65,4,-1,-1
2692,65,4,65,4
2693,65,4,65,4
2694,65,4,65,4
2695,65,4,-1,-1
2696,65,4,65,4
2697,65,4,65,4
2698,65,4,65,4
2699,65,4,65,4
2700,65,4,65,4
2701,65,4,65,4
2702,65,4,65,4
2703,65,4,65,4
2704,65,4,65,4
2705,65,4,65,4
2706,65,4,65,4
2707,65,4,65,4
2708,65,4,65,4
2709,65,4,65,4
2710,65,4,-1,-1
2711,65,4,65,4
2712,65,4,65,4
2713,65,4,65,4
2714,65,4,65,4
2715,65,4,65,4
2716,65,4,65,4
2717,65,4,65,4
2718,65,4,65,4
2719,65,4,65,4
2720,65,4,-1,-1
2721,65,4,-1,-1
2722,65,4,-1,-1
2723,65,3,65,3
2724,65,4,-1,-1
2725,65,4,-1,-1
2726,65,3,65,3
2727,65,3,65,3
2728,65,3,65,3
2729,65,3,65,3
2730,65,3,65,3
2731,65,3,-1,-1
2732,65,3,65,3
2733,65,3,-1,-1
2734,65,3,-1,-1
2735,65,3,65,3
2736,65,3,-1,-1
2737,65,3,-1,-1
2738,65,3,65,3
2739,66,3,66,3
2740,65,3,65,3
2741,65,3,65,3
2742,65,3,65,3
2743,65,3,65,3
2744,65,3,65,3
2745,65,3,65,3
2746,65,3,-1,-1
2747,65,3,65,3
2748,65,3,-1,-1
2749,65,3,65,3
2750,65,3,65,3
2751,65,3,65,3
2752,65,3,65,3
2753,65,3,65,3
2754,65,3,65,3
2755,65,3,65,3
2756,65,3,-1,-1
2757,65,3,65,3
2758,65,3,65,3
2759,65,3,65,3
2760,65,3,65,3
2761,65,3,65,3
2762,65,3,-1,-1
2763,65,3,65,3
2764,65,3,65,3
2765,65,3,65,3
2766,65,3,65,3
2767,65,3,-1,-1
2768,65,3,65,3
2769,65,3,65,3
2770,65,3,-1,-1
2771,65,3,65,3
2772,65,3,65,3
2773,65,3,65,3
2774,65,3,65,3
2775,65,3,65,3
2776,65,3,65,3
2777,65,3,65,3
2778,65,3,65,3
2779,65,3,65,3
2780,65,3,65,3
2781,65,3,65,3
2782,65,3,65,3
2783,65,3,65,3
2784,65,3,65,3
2785,65,3,65,3
2786,65,3,65,3
2787,65,3,65,3
2788,65,3,65,3
2789,65,3,65,3
2790,64,3,67,3
2791,64,3,67,3
2792,64,3,67,3
2793,65,4,65,4
2794,65,4,65,4
2795,65,4,65,4
2796,65,4,65,4
2797,65,4,65,4
2798,65,4,65,4
2799,65,4,65,4
2800,65,4,65,4
2801,65,4,65,4
2802,65,4,65,4
2803,65,3,65,3
2804,65,3,65,3
2805,65,3,65,3
2806,65,3,65,3
2807,65,3,65,3
2808,65,3,65,3
2809,65,3,65,3
2810,65,3,65,3
2811,65,3,65,3
2812,65,4,65,3
2813,65,4,65,4
2814,65,4,65,4
2815,65,4,65,4
2816,65,4,65,4
2817,65,4,65,3
2818,65,4,65,4
2819,65,4,65,4
2820,65,4,-1,-1
2821,65,4,-1,-1
2822,65,3,65,3
2823,65,3,-1,-1
2824,65,3,65,3
2825,65,3,65,3
2826,65,3,65,3
2827,65,3,65,3
2828,65,3,65,3
2829,65,3,65,3
2830,65,3,65,3
2831,65,3,-1,-1
2832,65,3,65,3
2833,65,3,65,3
2834,65,3,65,3
2835,65,3,65,3
2836,65,3,65,3
2837,65,3,65,3
2838,65,3,65,3
2839,65,3,-1,-1
2840,65,3,65,3
2841,65,3,65,3
2842,65,3,65,3
2843,65,3,65,3
2844,65,3,65,3
2845,65,3,65,3
2846,65,3,65,3
2847,65,3,65,3
2848,65,3,65,3
2849,65,3,65,3
2850,65,3,65,3
2851,65,3,65,3
2852,65,3,-1,-1
2853,65,3,65,3
2854,65,3,65,3
2855,65,3,65,3
2856,65,3,65,3
2857,65,3,65,3
2858,65,3,65,3
2859,65,3,65,3
2860,65,3,-1,-1
2861,65,3,65,3
2862,65,3,65,3
2863,65,3,65,3
2864,65,3,65,3
2865,65,3,65,3
2866,65,3,65,3
2867,65,3,65,3
2868,65,3,65,3
2869,65,3,65,3
2870,65,3,65,3
2871,65,3,65,3
2872,65,3,65,3
2873,65,3,65,3
2874,65,3,65,3
2875,65,3,65,3
2876,65,3,65,3
2877,65,3,65,3
2878,65,3,65,3
2879,65,3,65,3
2880,65,3,65,3
2881,65,3,65,3
2882,65,3,65,3
2883,65,3,65,3
2884,65,3,65,3
2885,65,3,65,3
2886,65,4,65,4
2887,65,4,65,4
2888,65,4,65,4
2889,65,4,65,4
2890,65,4,65,4
2891,65,4,65,4
2892,65,4,65,4
2893,65,4,65,4
2894,65,4,65,4
2895,65,4,65,4
2896,65,4,65,4
2897,65,4,65,4
2898,65,4,65,4
2899,65,4,65,4
2900,65,4,65,4
2901,65,4,65,4
2902,65,4,65,4
2903,65,4,65,4
2904,65,4,65,4
2905,65,4,65,4
2906,65,4,65,4
2907,65,4,-1,-1
2908,65,4,-1,-1
2909,65,4,-1,-1
2910,65,3,65,3
2911,65,3,65,3
2912,65,4,65,4
2913,64,3,67,1
2914,-1,-1,-1,-1
2915,64,3,67,1
2916,64,3,67,1
2917,64,3,67,1
2918,64,3,67,1
2919,64,3,67,1
2920,-1,-1,-1,-1
2921,-1,-1,-1,-1
2922,-1,-1,-1,-1
2923,-1,-1,-1,-1
2924,-1,-1,-1,-1
2925,64,3,67,1
2926,64,3,67,1
2927,64,3,67,1
2928,64,3,67,1
2929,64,3,67,1
2930,64,3,67,1
2931,64,3,67,1
2932,64,3,67,1
2933,64,3,67,1
2934,64,3,67,1
2935,64,3,67,1
2936,64,3,67,1
2937,64,3,67,1
2938,64,3,67,1
2939,-1,-1,-1,-1
2940,-1,-1,-1,-1
2941,-1,-1,-1,-1
2942,-1,-1,-1,-1
2943,64,3,67,1
2944,64,3,67,1
2945,66,1,66,1
2946,66,1,66,1
2947,64,3,67,1
2948,64,3,67,1
2949,64,3,67,1
2950,64,3,67,1
2951,64,3,67,1
2952,64,3,67,1
2953,64,3,67,1
2954,64,3,67,1
2955,64,3,67,1
2956,64,3,67,1
2957,64,3,67,1
2958,64,3,67,1
2959,64,3,67,1
2960,64,3,67,1
2961,64,3,67,1
2962,64,3,67,1
2963,66,2,66,2
2964,62,3,-1,-1
2965,62,3,-1,-1
2966,62,3,-1,-1
2967,62,3,-1,-1
2968,66,2,66,2
2969,66,2,66,2
2970,66,2,66,2
2971,66,2,66,2
2972,66,2,66,2
2973,66,2,66,2
2974,66,2,66,2
2975,66,2,66,2
2976,66,2,66,2
2977,66,2,66,2
2978,66,2,66,2
2979,66,2,66,2
2980,66,2,66,2
2981,66,2,66,2
2982,66,2,66,2
2983,66,2,66,2
2984,66,2,66,2
2985,66,2,66,2
2986,66,2,66,2
2987,66,2,66,2
2988,66,2,66,2
2989,66,2,66,2
2990,66,2,66,2
2991,66,2,66,2
2992,66,2,66,2
2993,66,2,66,2
2994,64,3,64,3
2995,66,1,66,1
2996,66,1,66,1
2997,66,1,66,1
2998,66,1,66,1
2999,66,2,66,2
3000,66,2,66,2
3001,66,2,66,2
3002,66,2,66,2
3003,66,2,66,2
3004,66,2,66,2
3005,66,1,66,1
3006,66,2,66,2
3007,66,1,66,1
3008,66,2,66,2
3009,66,1,66,1
3010,66,1,66,1
3011,66,1,66,1
3012,66,2,66,1
3013,66,1,66,1
3014,66,1,66,1
3015,66,2,66,2
3016,66,1,66,1
3017,66,1,66,1
3018,66,1,66,1
3019,66,1,66,1
3020,66,2,66,2
3021,66,1,66,1
3022,66,1,66,1
3023,66,1,66,1
3024,66,1,66,1
3025,66,1,66,1
3026,66,1,66,1
3027,66,1,66,1
3028,66,1,66,1
3029,66,1,66,1
3030,66,1,66,1
3031,66,1,66,1
3032,66,1,66,1
3033,66,2,66,2
3034,66,2,66,2
3035,66,2,66,2
3036,66,3,66,2
3037,66,2,66,2
3038,66,2,66,2
3039,66,2,66,2
3040,66,2,66,2
3041,66,1,66,1
3042,66,1,66,1
3043,64,4,67,2
3044,66,3,66,3
3045,64,3,67,2
3046,64,3,67,2
3047,64,3,67,2
3048,64,4,67,2
3049,64,4,67,2
3050,64,3,67,2
3051,64,4,67,2
3052,64,4,67,2
3053,64,4,67,2
3054,64,4,64,4
3055,64,4,64,4
3056,64,4,67,2
3057,64,3,67,2
3058,65,3,67,2
3059,65,3,65,3
3060,65,2,65,2
3061,65,3,65,3
3062,66,3,66,3
3063,65,3,65,3
3064,65,3,65,3
3065,65,3,65,3
3066,65,3,65,3
3067,65,3,67,2
3068,65,3,67,2
3069,65,3,67,2
3070,65,3,67,2
3071,65,3,65,3
3072,65,3,65,3
3073,65,3,67,2
3074,65,3,67,2
3075,65,3,67,2
3076,65,3,67,2
3077,65,3,67,2
3078,65,3,67,2
3079,65,3,67,2
3080,65,3,65,3
3081,65,3,65,3
3082,65,3,65,3
3083,65,3,65,3
3084,65,3,65,3
3085,65,3,65,3
3086,65,3,67,2
3087,65,3,67,2
3088,66,3,66,3
3089,66,3,66,3
3090,66,3,66,3
3091,66,3,66,3
3092,66,3,66,3
3093,66,3,66,3
3094,66,3,66,3
3095,66,3,66,3
3096,66,3,66,3
3097,66,3,66,3
3098,66,3,66,3
3099,66,3,66,3
3100,66,3,66,3
3101,66,3,66,3
3102,66,3,66,3
3103,66,3,66,3
3104,66,3,66,3
3105,66,3,66,3
3106,66,3,66,3
3107,66,3,66,3
3108,66,3,66,3
3109,66,3,66,3
3110,66,3,66,3
3111,66,3,66,3
3112,66,3,66,3
3113,66,3,66,3
3114,66,3,66,3
3115,66,3,66,3
3116,66,3,66,3
3117,66,3,66,3
3118,66,3,66,3
3119,66,3,66,3
3120,64,3,67,2
3121,64,3,67,-1
3122,64,3,67,-1
3123,65,3,65,3
3124,65,3,65,3
3125,65,3,65,3
3126,65,3,65,3
3127,65,3,65,3
3128,65,3,65,3
3129,66,3,66,3
3130,66,3,66,3
3131,66,3,66,3
3132,66,3,66,3
3133,66,3,66,3
3134,66,3,66,4
3135,66,3,66,3
3136,66,3,66,3
3137,66,3,66,3
3138,66,3,66,3
3139,66,3,66,3
3140,66,3,66,3
3141,66,3,66,3
3142,66,3,66,3
3143,66,3,66,3
3144,66,3,66,3
3145,66,3,66,3
3146,66,3,66,3
3147,66,3,66,3
3148,66,3,66,3
3149,66,3,66,3
3150,66,3,66,3
3151,66,3,66,3
3152,66,3,66,3
3153,66,3,66,3
3154,66,3,66,3
3155,66,3,66,3
3156,66,3,66,3
3157,66,3,66,3
3158,66,3,66,3
3159,66,3,66,3
3160,66,3,66,3
3161,66,3,66,3
3162,66,3,66,3
3163,66,3,66,3
3164,66,3,66,3
3165,66,3,66,3
3166,66,3,66,3
3167,66,3,66,3
3168,65,3,65,3
3169,65,3,65,3
3170,65,3,65,3
3171,65,3,65,3
3172,64,3,67,3
3173,64,3,67,3
3174,64,3,67,2
3175,64,3,67,3
3176,64,3,67,3
3177,64,3,67,3
3178,64,3,67,3
3179,64,3,67,3
3180,64,3,67,3
3181,64,3,67,2
3182,64,3,67,3
3183,64,3,67,3
3184,64,3,67,2
3185,64,3,67,3
3186,64,3,67,2
3187,64,3,67,3
3188,64,3,67,3
3189,64,3,67,3
3190,64,3,67,3
3191,64,3,67,3
3192,64,3,67,3
3193,64,3,67,3
3194,64,3,67,2
3195,65,2,65,2
3196,65,2,65,2
3197,65,-1,67,3
3198,65,2,67,3
3199,65,2,65,2
3200,65,2,67,3
3201,65,2,65,2
3202,65,2,65,2
3203,65,2,65,2
3204,65,2,65,2
3205,65,2,65,2
3206,65,2,65,2
3207,65,4,65,4
3208,65,4,65,4
3209,65,4,65,4
3210,65,4,65,4
3211,66,3,66,3
3212,66,3,66,3
3213,66,3,66,3
3214,66,3,66,3
3215,66,3,66,3
3216,66,3,66,3
3217,66,3,66,3
3218,66,3,66,3
3219,66,3,66,3
3220,66,3,66,3
3221,66,3,66,3
3222,66,3,66,3
3223,66,3,66,3
3224,66,3,66,3
3225,66,3,66,3
3226,66,3,66,3
3227,66,3,66,3
3228,66,3,66,3
3229,66,3,66,3
3230,66,3,66,3
3231,66,3,66,3
3232,66,3,-1,-1
3233,66,3,-1,-1
3234,66,3,66,3
3235,66,3,66,3
3236,66,3,66,3
3237,66,3,66,3
3238,66,3,66,3
3239,66,3,66,3
3240,66,3,66,3
3241,66,3,66,3
3242,66,3,66,3
3243,66,3,66,3
3244,66,3,66,3
3245,66,3,66,3
3246,66,3,66,3
3247,66,3,66,3
3248,66,3,66,3
3249,66,3,66,3
3250,66,3,66,3
3251,66,3,66,3
3252,66,3,66,3
3253,66,3,66,3
3254,66,3,66,3
3255,66,3,66,3
3256,66,3,66,3
3257,66,3,66,3
3258,66,3,66,3
3259,66,3,66,3
3260,66,3,66,3
3261,66,3,66,3
3262,66,3,66,3
3263,66,3,66,3
3264,66,3,66,3
3265,66,3,66,3
3266,66,3,66,3
3267,64,3,67,3
3268,64,3,65,3
3269,64,3,65,3
3270,64,3,66,4
3271,64,3,66,4
3272,64,3,66,4
3273,64,3,66,4
3274,64,3,66,4
3275,64,3,66,4
3276,64,3,66,4
3277,64,4,66,4
3278,64,3,66,4
3279,64,3,66,4
3280,64,3,66,4
3281,64,3,66,4
3282,64,3,-1,-1
3283,64,3,66,4
3284,64,3,66,4
3285,64,3,66,4
3286,64,3,66,4
3287,64,3,66,4
3288,64,3,66,4
3289,64,4,64,4
3290,64,4,64,4
3291,64,4,64,4
3292,64,4,64,4
3293,64,4,64,4
3294,64,4,64,4
3295,64,4,64,4
3296,64,4,64,4
3297,64,4,64,4
3298,64,4,64,4
3299,64,4,64,4
3300,64,4,64,4
3301,64,4,64,4
3302,65,2,66,4
3303,65,2,66,4
3304,65,2,65,2
3305,65,2,65,2
3306,65,2,66,4
3307,65,2,66,4
3308,65,2,66,4
3309,65,2,66,4
3310,65,2,65,2
3311,65,2,66,4
3312,65,2,66,4
3313,65,2,65,2
3314,65,2,66,4
3315,65,2,65,2
3316,65,2,65,2
3317,65,2,65,2
3318,65,2,66,4
3319,65,2,66,4
3320,65,2,66,4
3321,65,2,65,2
3322,65,2,65,2
3323,65,2,65,2
3324,65,2,65,2
3325,65,2,66,4
3326,65,2,65,2
3327,65,2,65,2
3328,65,2,65,2
3329,65,2,66,4
3330,64,3,71,4
3331,65,2,65,2
3332,64,4,64,4
3333,64,4,64,4
3334,65,2,65,2
3335,66,2,66,2
3336,66,2,66,2
3337,66,2,66,2
3338,64,4,64,4
3339,64,4,64,4
3340,66,2,66,2
3341,66,2,66,2
3342,66,2,66,2
3343,66,2,66,2
3344,66,2,66,2
3345,66,2,66,2
3346,66,2,66,2
3347,66,2,66,2
3348,66,2,66,2
3349,66,2,66,2
3350,66,2,66,2
3351,66,2,66,2
3352,66,2,66,2
3353,66,2,66,2
3354,62,4,66,4
3355,62,4,66,4
3356,62,4,66,4
3357,62,4,66,4
3358,62,4,66,4
3359,62,4,66,4
3360,62,4,66,2
3361,66,2,66,2
3362,66,2,66,2
3363,66,2,66,2
3364,66,2,66,2
3365,66,2,66,2
3366,66,2,66,4
3367,66,2,66,2
3368,66,2,66,2
3369,66,2,66,2
3370,66,2,66,2
3371,66,2,66,2
3372,66,2,66,2
3373,66,2,66,2
3374,66,2,66,2
3375,66,2,66,2
3376,66,2,66,2
3377,66,2,66,2
3378,66,2,66,2
3379,66,2,66,2
3380,66,2,66,2
3381,66,2,66,2
3382,66,2,66,2
3383,66,2,66,2
3384,62,4,62,4
3385,62,4,62,4
3386,62,4,62,4
3387,62,4,62,4
3388,66,3,66,3
3389,62,4,62,4
3390,66,3,66,3
3391,66,3,66,3
3392,66,3,66,3
3393,66,3,66,3
3394,66,3,66,3
3395,66,3,66,3
3396,66,3,66,3
3397,66,3,66,3
3398,66,3,66,3
3399,66,3,66,3
3400,66,3,66,3
3401,66,3,66,3
3402,66,3,66,3
3403,66,3,66,3
3404,66,3,66,3
3405,66,3,66,3
3406,66,3,66,3
3407,66,3,66,3
3408,66,3,66,3
3409,66,3,66,3
3410,66,3,66,3
3411,66,3,66,3
3412,66,3,66,3
3413,66,3,66,3
3414,66,3,66,3
3415,66,3,66,3
3416,66,3,66,3
3417,66,3,66,3
3418,66,3,66,3
3419,66,3,66,3
3420,66,3,66,3
3421,66,3,66,3
3422,66,3,66,3
3423,66,3,66,3
3424,66,3,66,3
3425,66,3,66,3
3426,62,4,66,4
3427,62,4,66,4
3428,62,4,62,4
3429,66,3,66,3
3430,66,3,66,3
3431,66,3,66,3
3432,66,3,66,3
3433,66,3,66,3
3434,66,3,66,3
3435,66,3,66,3
3436,66,3,66,3
3437,66,3,66,3
3438,66,3,66,3
3439,66,3,66,3
3440,66,3,66,3
3441,66,4,66,3
3442,66,3,66,3
3443,66,3,66,3
3444,66,3,66,3
3445,66,3,66,3
3446,66,3,66,3
3447,66,3,66,3
3448,66,3,66,3
3449,66,3,66,3
3450,66,3,66,3
3451,66,3,66,3
3452,66,3,66,3
3453,66,3,66,3
3454,66,3,66,3
3455,66,3,66,3
3456,66,3,66,3
3457,66,3,66,3
3458,66,3,66,3
3459,66,3,66,3
3460,66,3,66,3
3461,66,3,66,3
3462,66,3,66,3
3463,66,3,66,3
3464,66,3,66,3
3465,66,3,66,3
3466,66,3,66,3
3467,66,3,66,3
3468,66,3,66,3
3469,66,3,66,3
3470,67,4,67,4
3471,66,3,66,3
3472,62,4,67,3
3473,62,4,67,3
3474,62,4,67,3
3475,62,4,67,3
3476,62,4,67,3
3477,62,4,68,3
3478,62,4,67,3
3479,65,3,67,3
3480,65,3,67,3
3481,65,3,67,3
3482,65,3,67,3
3483,65,3,67,3
3484,65,3,67,3
3485,65,3,67,3
3486,65,3,67,3
3487,65,3,67,3
3488,65,3,67,3
3489,65,3,67,3
3490,65,3,67,3
3491,65,3,67,3
3492,65,3,67,3
3493,65,3,67,3
3494,65,3,67,3
3495,65,3,67,3
3496,65,3,67,3
3497,65,3,65,3
3498,65,3,67,3
3499,66,3,-1,-1
3500,65,3,65,3
3501,62,4,62,4
3502,66,3,66,3
3503,66,3,66,3
3504,66,3,66,3
3505,66,3,66,3
3506,66,3,66,3
3507,66,3,66,3
3508,66,3,66,3
3509,66,3,66,3
3510,66,3,66,3
3511,66,3,66,3
3512,66,3,66,3
3513,66,3,66,3
3514,66,3,66,3
3515,66,3,66,3
3516,66,3,66,3
3517,66,3,66,3
3518,66,3,66,3
3519,66,3,66,3
3520,66,3,66,3
3521,66,3,66,3
3522,66,3,66,3
3523,66,3,66,3
3524,66,3,66,3
3525,66,3,66,3
3526,65,3,65,3
3527,65,2,65,2
3528,65,3,66,3
3529,65,3,65,3
3530,65,3,66,4
3531,65,3,65,3
3532,64,4,64,4
3533,65,3,66,4
3534,64,4,64,4
3535,65,3,65,3
3536,64,4,64,4
3537,64,4,64,4
3538,65,2,66,4
3539,65,2,66,4
3540,65,2,66,4
3541,65,2,65,2
3542,65,2,65,2
3543,65,2,65,2
3544,65,2,66,4
3545,65,2,65,2
3546,65,2,66,4
3547,65,2,66,4
3548,65,2,66,4
3549,65,2,66,4
3550,65,2,66,4
3551,65,2,66,4
3552,65,3,66,4
3553,65,3,65,3
3554,65,3,66,4
3555,65,3,66,4
3556,65,3,66,4
3557,65,3,66,4
3558,65,3,66,4
3559,65,3,66,4
3560,65,3,66,4
3561,65,3,66,4
3562,65,3,66,4
3563,65,3,66,4
3564,65,3,66,4
3565,65,3,66,4
3566,65,3,66,4
3567,65,3,66,4
3568,65,3,65,3
3569,65,3,66,4
3570,65,3,67,1
3571,65,3,65,3
3572,65,3,65,3
3573,65,3,65,3
3574,65,3,66,4
3575,65,3,66,4
3576,65,3,65,3
3577,62,3,68,1
3578,62,3,68,1
3579,62,3,68,1
3580,67,3,67,3
3581,62,3,68,1
3582,62,3,-1,-1
3583,62,4,68,1
3584,62,3,66,4
3585,62,3,66,4
3586,62,3,66,4
3587,62,3,66,4
3588,62,3,66,4
3589,62,3,66,4
3590,62,3,66,4
3591,62,3,66,4
3592,62,4,66,4
3593,62,4,62,4
3594,66,3,66,3
3595,62,4,66,4
3596,66,3,66,3
3597,62,4,66,4
3598,66,3,67,4
3599,62,4,66,4
3600,62,4,66,4
3601,62,4,66,4
3602,66,3,66,3
3603,62,4,66,4
3604,67,4,67,4
3605,62,4,67,4
3606,67,4,68,2
3607,66,3,67,4
3608,66,3,66,3
3609,66,3,66,3
3610,67,4,67,4
3611,67,4,67,4
3612,68,1,68,1
3613,68,1,68,1
3614,68,1,68,1
3615,66,3,66,4
3616,66,3,67,2
3617,62,4,66,4
3618,62,4,66,4
3619,62,4,66,4
3620,62,4,66,4
3621,62,4,66,4
3622,62,4,66,4
3623,67,4,67,4
3624,68,1,68,1
3625,62,4,66,4
3626,68,1,68,1
3627,66,3,66,3
3628,62,4,68,1
3629,62,4,68,2
3630,62,4,62,4
3631,62,4,68,2
3632,62,4,67,1
3633,62,4,67,1
3634,62,4,67,1
3635,62,4,67,1
3636,62,4,67,1
3637,65,3,65,3
3638,62,4,66,4
3639,64,4,67,1
3640,64,4,66,4
3641,65,2,65,3
3642,65,3,65,3
3643,65,3,67,1
3644,65,3,65,3
3645,65,3,67,1
3646,65,3,65,3
3647,65,3,67,1
3648,65,3,67,1
3649,65,3,65,3
3650,65,3,67,1
3651,65,3,67,1
3652,65,3,67,1
3653,65,3,67,1
3654,65,3,67,1
3655,65,3,65,3
3656,65,3,65,3
3657,62,4,66,4
3658,62,4,66,4
3659,62,4,66,4
3660,68,1,68,1
3661,62,4,66,4
3662,62,4,68,2
3663,68,1,68,1
3664,68,1,68,1
3665,68,1,68,1
3666,68,1,68,1
3667,62,4,68,2
3668,64,4,69,4
3669,66,3,66,3
3670,62,4,67,3
3671,66,3,66,3
3672,66,3,66,3
3673,66,3,66,3
3674,64,2,69,4
3675,64,2,70,1
3676,64,2,70,1
3677,66,3,66,3
3678,62,4,62,4
3679,64,4,64,4
3680,64,4,64,4
3681,64,4,64,4
3682,64,4,64,4
3683,64,4,64,4
3684,64,4,64,4
3685,64,4,64,4
3686,64,4,64,4
3687,64,4,64,4
3688,64,4,64,4
3689,64,4,64,4
3690,64,4,64,4
3691,64,4,64,4
3692,64,4,64,4
3693,62,4,68,2
3694,66,3,66,3
3695,66,3,66,3
3696,66,3,66,3
3697,66,3,66,3
3698,66,3,66,3
3699,66,3,66,3
3700,66,3,66,3
3701,66,3,66,3
3702,66,3,66,3
3703,66,3,66,3
3704,66,3,66,3
3705,66,3,66,3
3706,66,3,66,3
3707,66,3,66,3
3708,66,3,66,3
3709,66,3,66,2
3710,66,3,66,3
3711,66,3,66,3
3712,66,3,66,3
3713,66,3,66,3
3714,66,3,66,3
3715,66,3,66,3
3716,66,3,66,3
3717,66,3,66,3
3718,66,3,66,3
3719,66,3,66,3
3720,66,3,66,3
3721,66,3,66,3
3722,66,3,66,3
3723,66,3,66,3
3724,66,3,66,3
3725,64,2,64,2
3726,64,2,66,4
3727,63,3,67,1
3728,63,3,67,1
3729,63,3,66,4
3730,63,3,66,4
3731,63,3,63,3
3732,63,4,63,4
3733,63,4,63,4
3734,63,4,66,4
3735,63,4,66,4
3736,63,4,66,4
3737,63,4,69,4
3738,63,4,63,4
3739,63,4,66,4
3740,63,4,66,4
3741,63,4,63,4
3742,63,4,66,4
3743,63,4,66,4
3744,64,2,66,4
3745,64,2,66,4
3746,64,2,66,4
3747,64,2,66,1
3748,64,2,66,1
3749,64,2,67,1
3750,64,2,67,1
3751,64,2,67,1
3752,64,2,66,4
3753,64,2,66,1
3754,64,2,67,1
3755,64,2,66,4
3756,64,2,66,4
3757,64,2,67,1
3758,64,2,67,1
3759,64,2,67,1
3760,64,2,67,1
3761,64,2,67,1
3762,64,2,67,1
3763,64,2,66,4
3764,64,2,67,-1
3765,64,2,67,1
3766,64,2,67,1
3767,64,2,67,1
3768,64,2,67,4
3769,64,2,67,1
3770,64,2,67,1
3771,64,2,67,1
3772,64,2,67,1
3773,64,2,67,1
3774,64,2,67,1
3775,64,2,67,1
3776,64,2,67,1
3777,64,2,67,1
3778,64,2,67,1
3779,64,2,67,1
3780,64,2,67,1
3781,64,2,67,1
3782,64,2,67,1
3783,64,2,67,1
3784,64,2,67,1
3785,64,2,67,1
3786,64,2,67,1
3787,64,2,67,1
3788,64,2,67,1
3789,64,2,67,1
3790,64,2,67,1
3791,64,2,67,1
3792,64,2,67,1
3793,64,2,67,1
3794,64,2,67,1
3795,64,2,67,1
3796,64,2,67,1
3797,64,2,67,1
3798,64,2,67,1
3799,64,2,67,1
3800,64,2,67,1
3801,64,2,67,1
3802,64,2,67,1
3803,64,2,67,1
3804,62,2,68,1
3805,62,4,68,1
3806,62,4,68,1
3807,62,4,68,1
3808,62,4,68,1
3809,62,4,68,1
3810,62,4,68,1
3811,62,4,68,1
3812,62,4,68,1
3813,62,4,68,2
3814,62,4,68,1
3815,62,4,68,1
3816,62,4,68,1
3817,62,4,68,1
3818,62,4,68,1
3819,62,4,68,1
3820,62,4,68,1
3821,66,3,66,3
3822,62,4,68,1
3823,63,3,67,1
3824,63,3,67,1
3825,63,3,67,1
3826,63,3,67,1
3827,63,3,67,1
3828,63,3,67,1
3829,63,3,67,1
3830,63,3,67,1
3831,63,3,67,1
3832,63,3,67,1
3833,63,3,67,1
3834,62,4,70,2
3835,63,3,67,1
3836,62,4,70,2
3837,63,3,67,1
3838,63,3,67,1
3839,63,3,67,1
3840,63,3,63,3
3841,63,3,67,1
3842,63,3,67,1
3843,63,3,71,4
3844,63,3,67,1
3845,63,3,67,1
3846,63,3,67,1
3847,62,4,68,1
3848,62,4,71,2
3849,62,4,64,4
3850,62,4,69,3
3851,62,4,70,2
3852,62,2,69,3
3853,62,4,69,3
3854,62,4,62,4
3855,62,4,67,1
3856,63,3,71,4
3857,62,4,62,4
3858,63,3,67,1
3859,63,3,67,1
3860,63,3,67,1
3861,63,3,67,1
3862,63,3,67,1
3863,62,4,63,4
3864,62,4,63,4
3865,62,4,-1,-1
3866,63,3,63,4
3867,62,4,65,3
3868,63,3,67,1
3869,63,3,67,1
3870,63,3,67,1
3871,63,3,-1,-1
3872,63,3,67,1
3873,64,4,64,4
3874,62,4,68,1
3875,65,4,67,1
3876,62,4,67,1
3877,63,3,-1,-1
3878,62,4,67,1
3879,62,4,67,1
3880,62,4,67,2
3881,62,4,67,2
3882,62,4,67,1
3883,62,4,67,2
3884,62,4,67,2
3885,62,4,67,2
3886,62,4,67,2
3887,62,4,67,1
3888,62,4,67,1
3889,62,4,67,1
3890,62,4,67,2
3891,62,4,67,2
3892,62,4,67,2
3893,62,4,67,2
3894,62,4,67,2
3895,62,4,67,2
3896,62,4,67,2
3897,62,4,67,2
3898,62,4,67,2
3899,62,4,67,2
3900,62,4,67,2
3901,62,4,67,2
3902,62,4,67,2
3903,62,4,67,2
3904,66,1,66,1
3905,66,1,66,1
3906,66,1,66,1
3907,66,1,66,1
3908,66,1,66,1
3909,66,1,66,1
3910,66,1,66,1
3911,66,1,66,1
3912,66,1,66,1
3913,66,1,66,1
3914,66,1,66,1
3915,63,1,69,3
3916,63,1,63,1
3917,66,1,66,1
3918,66,1,66,1
3919,66,1,66,1
3920,66,1,66,1
3921,66,1,66,1
3922,66,1,66,1
3923,66,1,66,1
3924,66,1,66,1
3925,66,1,66,1
3926,66,1,66,1
3927,66,1,66,1
3928,66,1,66,1
3929,66,1,66,1
3930,66,1,66,1
3931,66,1,66,1
3932,66,1,66,1
3933,66,1,66,1
3934,66,1,66,1
3935,66,1,66,1
3936,66,1,66,1
3937,66,1,66,1
3938,66,1,66,1
3939,66,1,66,1
3940,66,1,66,1
3941,66,1,66,1
3942,66,1,66,1
3943,66,1,66,1
3944,66,1,66,1
3945,63,3,63,3
3946,66,1,66,1
3947,66,1,66,1
3948,66,1,66,1
3949,66,1,66,1
3950,66,1,66,1
3951,66,1,65,1
3952,66,1,66,1
3953,66,1,66,1
3954,66,1,66,1
3955,66,1,66,1
3956,66,1,66,1
3957,66,1,66,1
3958,66,1,66,1
3959,66,1,66,1
3960,66,1,66,1
3961,66,1,66,1
3962,66,1,66,1
3963,66,1,66,1
3964,66,1,66,1
3965,66,1,66,1
3966,66,1,66,1
3967,66,1,66,1
3968,66,1,66,1
3969,66,1,66,1
3970,66,1,66,1
3971,66,1,66,1
3972,66,1,66,1
3973,66,2,66,2
3974,66,1,66,1
3975,66,1,66,1
3976,66,1,66,1
3977,66,1,66,1
3978,66,1,66,1
3979,66,1,66,1
3980,66,1,66,1
3981,66,2,66,2
3982,66,2,66,2
3983,66,2,66,2
3984,66,2,66,2
3985,66,2,66,2
3986,66,2,66,2
3987,66,2,66,2
3988,66,2,66,2
3989,66,2,66,2
3990,66,2,66,2
3991,66,2,66,2
3992,66,2,66,2
3993,67,4,67,4
3994,67,4,67,4
3995,67,4,67,4
3996,67,4,67,4
3997,67,4,67,4
3998,67,4,67,4
3999,67,4,67,4
4000,62,4,62,4
4001,66,4,66,4
4002,66,1,66,1
4003,66,1,66,1
4004,66,1,66,1
4005,66,4,66,4
4006,66,1,66,1
4007,62,4,70,2
4008,62,4,62,4
4009,62,4,62,4
4010,65,4,65,4
4011,66,1,66,1
4012,66,1,66,1
4013,66,1,66,1
4014,66,1,66,1
4015,66,1,66,1
4016,66,1,66,1
4017,66,1,66,1
4018,66,1,66,1
4019,66,1,66,1
4020,66,1,66,1
4021,66,1,66,1
4022,66,1,66,1
4023,66,1,66,1
4024,65,4,65,4
4025,66,1,65,1
4026,66,1,66,1
4027,66,1,66,1
4028,66,1,66,1
4029,66,1,66,1
4030,66,1,66,1
4031,66,1,66,1
4032,66,1,66,1
4033,66,4,66,1
4034,66,1,66,1
4035,66,1,66,1
4036,66,1,66,1
4037,62,4,69,3
4038,65,4,65,4
4039,62,4,70,2
4040,66,1,66,1
4041,66,1,66,1
4042,66,1,66,1
4043,66,1,66,1
4044,66,1,66,1
4045,66,1,66,1
4046,66,1,66,1
4047,66,1,66,1
4048,66,1,66,1
4049,66,1,66,1
4050,66,1,66,1
4051,62,4,70,2
4052,62,4,-1,-1
4053,66,1,66,1
4054,64,2,71,4
4055,64,2,71,4
4056,64,2,71,4
4057,64,2,71,4
4058,64,2,71,4
4059,64,2,71,4
4060,64,2,70,1
4061,70,1,70,1
4062,65,4,65,4
4063,67,4,67,4
4064,67,4,67,4
4065,67,4,67,4
4066,67,4,67,4
4067,67,4,67,4
4068,67,4,67,4
4069,67,4,67,4
4070,67,4,67,4
4071,67,4,67,4
4072,67,4,67,4
4073,67,4,67,4
4074,67,4,67,4
4075,67,4,67,4
4076,64,2,67,4
4077,67,4,67,4
4078,67,4,67,4
4079,67,4,67,4
4080,67,4,67,4
4081,67,4,67,4
4082,67,4,67,4
4083,65,4,-1,-1
4084,65,4,65,4
4085,67,4,67,4
4086,67,4,67,4
4087,65,4,65,4
4088,-1,-1,-1,-1
4089,65,4,65,4
4090,65,4,65,4
4091,65,4,65,4
4092,67,4,71,1
4093,67,4,71,1
4094,65,4,65,4
4095,65,4,65,4
4096,65,4,65,4
4097,65,4,65,4
4098,65,4,65,4
4099,65,4,65,4
4100,66,1,66,1
4101,66,1,66,1
4102,66,1,66,1
4103,66,1,66,1
4104,66,1,66,1
4105,66,1,66,1
4106,66,1,66,1
4107,66,1,66,1
4108,66,1,66,1
4109,66,1,66,1
4110,66,1,66,1
4111,66,1,66,1
4112,66,1,66,1
4113,66,1,66,1
4114,64,2,69,4
4115,64,2,69,4
4116,64,2,69,4
4117,64,2,69,4
4118,64,2,69,4
4119,64,2,69,4
4120,65,4,65,4
4121,64,3,69,4
4122,64,3,69,4
4123,65,4,65,4
4124,65,4,65,4
4125,65,4,65,4
4126,65,4,65,4
4127,65,4,65,4
4128,65,4,65,4
4129,65,4,65,4
4130,65,4,65,4
4131,65,4,65,4
4132,65,4,65,4
4133,65,4,65,4
4134,65,4,65,4
4135,65,4,65,4
4136,65,4,65,4
4137,65,4,65,4
4138,65,4,65,4
4139,65,4,65,4
4140,65,4,65,4
4141,65,4,65,4
4142,65,4,65,4
4143,65,4,65,4
4144,65,4,65,4
4145,65,4,65,4
4146,65,4,65,4
4147,65,4,65,4
4148,65,4,65,4
4149,65,4,-1,-1
4150,65,4,65,4
4151,65,4,65,4
4152,65,4,65,4
4153,66,1,66,1
4154,66,1,66,1
4155,66,1,66,1
4156,66,1,66,1
4157,66,1,66,1
4158,66,1,66,1
4159,66,1,66,1
4160,66,1,66,1
4161,66,1,66,1
4162,66,1,66,1
4163,66,1,66,1
4164,66,1,66,1
4165,66,1,66,1
4166,66,1,66,1
4167,66,1,66,1
4168,66,1,66,1
4169,66,1,66,1
4170,66,1,66,1
4171,66,1,66,1
4172,66,1,66,1
4173,66,1,66,1
4174,66,1,66,1
4175,66,1,66,1
4176,66,1,66,1
4177,66,1,66,1
4178,66,1,66,1
4179,66,1,66,1
4180,66,1,66,1
4181,66,1,66,1
4182,66,1,66,1
4183,66,1,66,1
4184,66,1,66,1
4185,66,1,66,1
4186,66,1,66,1
4187,66,1,66,1
4188,66,1,66,1
4189,66,1,66,1
4190,66,1,66,1
4191,66,1,66,1
4192,66,1,66,1
4193,66,1,66,1
4194,66,1,66,2
4195,66,1,66,1
4196,66,1,66,1
4197,66,1,66,1
4198,66,1,66,1
4199,66,1,66,1
4200,66,1,66,1
4201,66,1,66,1
4202,66,1,66,1
4203,66,1,66,1
4204,66,1,66,1
4205,66,1,66,1
4206,66,1,66,1
4207,66,2,66,1
4208,66,1,66,1
4209,66,1,66,1
4210,66,1,66,1
4211,66,1,66,1
4212,66,1,66,1
4213,66,1,66,1
4214,62,4,69,3
4215,65,2,65,2
4216,65,2,65,2
4217,65,2,65,2
4218,62,4,69,3
4219,65,2,65,2
4220,65,2,65,2
4221,65,2,65,2
4222,65,2,65,2
4223,65,2,65,2
4224,65,2,65,1
4225,64,4,64,4
4226,64,3,67,3
4227,64,4,64,4
4228,65,4,65,4
4229,65,4,-1,-1
4230,65,4,-1,-1
4231,65,4,65,4
4232,65,4,65,4
4233,65,4,65,4
4234,65,4,65,4
4235,65,4,-1,-1
4236,65,4,65,4
4237,65,4,-1,-1
4238,65,4,65,4
4239,64,3,67,3
4240,65,4,65,4
4241,65,4,65,4
4242,64,4,64,4
4243,65,4,65,4
4244,65,4,65,4
4245,65,4,65,4
4246,65,4,65,4
4247,65,4,65,4
4248,65,4,65,4
4249,65,4,65,4
4250,65,4,65,4
4251,65,4,65,4
4252,65,4,65,4
4253,65,4,65,4
4254,65,4,65,4
4255,65,4,-1,-1
4256,65,4,65,4
4257,64,4,-1,-1
4258,65,4,65,4
4259,65,1,65,1
4260,65,1,65,1
4261,65,1,65,1
4262,65,1,65,1
4263,65,1,65,1
4264,65,1,65,1
4265,65,1,65,1
4266,65,1,-1,-1
4267,65,1,65,1
4268,65,1,65,1
4269,66,1,66,1
4270,66,1,66,1
4271,66,1,66,1
4272,66,1,66,1
4273,66,1,66,1
4274,66,1,66,1
4275,66,2,66,2
4276,66,2,66,2
4277,64,4,64,4
4278,65,1,65,1
4279,65,1,65,1
4280,65,1,65,1
4281,65,1,65,1
4282,65,1,65,1
4283,65,1,65,1
4284,65,1,65,1
4285,65,1,65,1
4286,65,1,65,1
4287,65,1,67,4
4288,65,4,65,4
4289,65,4,65,4
4290,65,4,65,4
4291,65,4,65,4
4292,65,4,65,4
4293,65,4,65,4
4294,65,4,65,4
4295,66,1,66,1
4296,66,1,66,1
4297,66,1,66,1
4298,66,1,66,1
4299,66,1,66,1
4300,66,1,66,1
4301,66,1,66,1
4302,66,1,66,1
4303,66,1,66,1
4304,66,1,66,1
4305,66,1,66,1
4306,66,1,66,1
4307,66,1,66,1
4308,66,1,66,1
4309,66,1,66,1
4310,66,1,66,1
4311,66,1,66,1
4312,66,1,66,1
4313,66,2,66,2
4314,66,2,66,2
4315,65,1,65,1
4316,65,1,65,1
4317,65,1,65,1
4318,65,1,65,1
4319,65,2,65,2
4320,65,2,65,2
4321,65,1,65,1
4322,65,2,65,2
4323,65,2,65,2
4324,65,2,65,1
4325,65,2,65,2
4326,65,2,65,2
4327,65,2,65,2
4328,65,2,65,2
4329,65,2,65,2
4330,65,2,65,2
4331,65,2,65,2
4332,65,2,65,2
4333,65,2,65,2
4334,65,2,65,2
4335,65,2,65,2
4336,65,2,65,2
4337,65,3,65,2
4338,65,2,65,2
4339,65,2,65,2
4340,65,2,65,2
4341,65,2,65,2
4342,65,2,65,2
4343,65,2,65,2
4344,65,2,65,2
4345,65,2,65,2
4346,65,2,65,2
4347,65,2,65,2
4348,65,2,65,2
4349,65,2,65,2
4350,65,2,65,2
4351,65,2,65,2
4352,65,2,65,2
4353,65,2,65,2
4354,65,2,65,2
4355,65,2,65,2
4356,65,2,65,2
4357,65,2,65,2
4358,65,2,65,2
4359,65,2,65,2
4360,69,4,69,4
4361,65,2,65,2
4362,62,4,69,3
4363,65,2,65,2
4364,65,2,65,2
4365,65,2,65,2
4366,65,2,65,2
4367,65,2,65,2
4368,65,2,65,2
4369,65,2,65,2
4370,65,2,65,2
4371,65,2,65,2
4372,65,2,65,2
4373,65,2,65,2
4374,65,2,65,2
4375,65,2,65,2
4376,65,2,65,2
4377,65,2,65,2
4378,65,2,65,2
4379,65,2,65,2
4380,65,2,65,2
4381,65,2,65,2
4382,65,2,65,2
4383,65,2,65,2
4384,65,2,65,2
4385,65,2,65,2
4386,65,2,65,2
4387,65,2,65,2
4388,65,2,65,2
4389,65,2,65,2
4390,65,2,65,2
4391,65,2,65,2
4392,65,2,65,2
4393,65,2,65,2
4394,65,-1,65,2
4395,65,2,69,2
4396,65,2,65,2
4397,65,2,65,2
4398,65,2,65,2
4399,65,2,65,2
4400,65,2,65,2
4401,65,2,65,2
4402,65,2,65,2
4403,65,2,65,2
4404,65,2,65,2
4405,65,1,65,2
4406,65,2,65,2
4407,65,2,65,2
4408,65,2,65,2
4409,67,2,65,2
4410,64,3,67,3
4411,64,4,64,4
4412,64,4,64,4
4413,64,4,64,4
4414,64,4,64,4
4415,64,4,64,4
4416,64,4,64,4
4417,64,4,64,4
4418,64,4,64,4
4419,64,4,64,4
4420,64,4,64,4
4421,64,4,64,4
4422,64,4,64,4
4423,64,4,64,4
4424,64,4,64,4
4425,64,4,64,4
4426,64,3,64,4
4427,64,4,64,4
4428,64,4,64,4
4429,64,4,64,4
4430,64,4,64,4
4431,64,4,64,4
4432,64,4,64,4
4433,64,4,64,4
4434,64,4,64,4
4435,64,4,64,4
4436,64,4,64,4
4437,64,4,64,4
4438,64,4,64,4
4439,64,4,64,4
4440,64,4,64,4
4441,64,3,64,3
4442,64,3,64,3
4443,64,4,64,4
4444,64,4,-1,-1
4445,64,4,64,4
4446,64,4,64,4
4447,64,4,64,4
4448,64,4,64,4
4449,64,4,64,4
4450,64,4,64,4
4451,64,4,64,4
4452,64,4,64,4
4453,64,4,64,4
4454,64,4,64,4
4455,64,4,64,4
4456,64,4,64,4
4457,64,4,64,4
4458,64,4,64,4
4459,64,4,64,4
4460,64,4,64,4
4461,64,4,64,4
4462,64,4,64,4
4463,64,4,64,4
4464,64,4,64,4
4465,64,4,64,4
4466,64,4,64,4
4467,64,4,64,4
4468,64,4,64,4
4469,64,4,64,4
4470,64,4,64,4
4471,64,4,64,4
4472,64,4,64,4
4473,64,4,64,4
4474,64,4,64,4
4475,64,4,64,4
4476,64,4,64,4
4477,64,4,64,4
4478,64,4,64,4
4479,64,4,64,4
4480,64,4,64,4
4481,64,4,64,4
4482,64,4,64,4
4483,64,4,64,4
4484,64,4,64,4
4485,64,4,64,4
4486,64,4,64,4
4487,64,4,64,4
4488,64,4,64,4
4489,64,4,64,4
4490,64,4,64,4
4491,64,4,64,4
4492,64,4,64,4
4493,64,4,64,4
4494,64,4,64,4
4495,64,4,64,4
4496,64,4,64,4
4497,64,4,64,4
4498,64,4,64,4
4499,64,4,64,4
4500,64,4,64,4
4501,65,1,65,1
4502,65,4,65,4
4503,64,4,64,4
4504,67,4,67,1
4505,65,3,65,3
4506,65,1,65,2
4507,65,1,65,1
4508,65,1,65,1
4509,65,1,-1,-1
4510,65,1,65,1
4511,65,1,65,1
4512,65,1,65,1
4513,65,1,65,1
4514,65,1,65,1
4515,65,2,65,1
4516,65,1,65,1
4517,64,4,-1,-1
4518,65,1,65,1
4519,64,4,64,4
4520,65,1,65,1
4521,65,1,65,1
4522,65,1,65,1
4523,65,1,65,1
4524,65,1,65,1
4525,65,1,65,1
4526,65,1,65,1
4527,65,1,65,1
4528,65,1,65,1
4529,65,1,65,1
4530,65,1,65,1
4531,65,1,65,1
4532,65,1,65,1
4533,65,1,65,1
4534,65,1,65,1
4535,65,1,65,1
4536,65,1,65,1
4537,65,1,65,1
4538,65,1,65,1
4539,65,1,65,1
4540,65,1,65,1
4541,65,1,65,1
4542,65,1,65,1
4543,65,1,65,1
4544,65,1,65,1
4545,65,1,65,1
4546,65,1,65,1
4547,65,1,65,1
4548,65,1,65,1
4549,65,1,65,1
4550,65,1,65,1
4551,65,1,65,2
4552,70,1,70,1
4553,65,1,65,1
4554,65,1,65,1
4555,65,1,65,1
4556,70,1,70,1
4557,65,2,65,2
4558,65,2,65,2
4559,65,2,65,2
4560,65,2,65,2
4561,65,2,63,2
4562,65,2,65,2
4563,65,2,65,2
4564,65,2,65,2
4565,65,2,65,2
4566,65,2,65,2
4567,65,2,65,2
4568,65,2,65,2
4569,65,2,65,2
4570,65,2,65,2
4571,65,2,65,2
4572,62,4,62,4
4573,65,2,65,2
4574,65,2,65,2
4575,65,2,65,2
4576,65,2,65,2
4577,65,2,65,2
4578,65,2,65,2
4579,65,2,65,2
4580,65,2,65,2
4581,65,2,65,2
4582,65,2,65,2
4583,65,2,65,2
4584,65,2,65,2
4585,65,2,65,2
4586,65,4,65,2
4587,65,2,65,2
4588,65,2,65,2
4589,65,2,65,2
4590,65,2,65,2
4591,65,2,65,2
4592,65,2,65,2
4593,65,2,65,2
4594,65,2,65,2
4595,65,2,65,2
4596,65,2,65,2
4597,65,2,65,2
4598,65,2,65,2
4599,65,2,-1,-1
4600,65,2,65,2
4601,65,2,65,2
4602,65,2,65,2
4603,65,2,65,2
4604,65,2,65,2
4605,65,2,65,2
4606,65,2,65,2
4607,65,2,65,2
4608,65,2,65,2
4609,65,2,65,2
4610,65,2,65,2
4611,65,2,65,2
4612,65,2,65,2
4613,65,2,62,2
4614,65,2,65,2
4615,65,2,65,2
4616,64,3,67,3
4617,64,3,67,3
4618,64,3,67,3
4619,64,3,67,3
4620,64,3,67,3
4621,64,3,67,3
4622,64,3,64,3
4623,64,3,64,3
4624,64,3,64,3
4625,64,3,64,3
4626,64,3,64,3
4627,65,3,64,3
4628,64,3,64,3
4629,64,3,64,3
4630,64,3,64,3
4631,64,3,64,3
4632,64,3,64,3
4633,64,3,64,3
4634,64,3,64,3
4635,64,3,64,3
4636,64,3,64,3
4637,64,3,64,3
4638,64,4,64,4
4639,64,4,64,4
4640,64,4,64,4
4641,64,4,64,4
4642,64,4,64,4
4643,64,4,64,4
4644,64,4,64,4
4645,64,4,64,4
4646,64,4,64,4
4647,64,4,64,4
4648,64,4,64,4
4649,64,4,64,4
4650,64,4,64,4
4651,64,4,64,4
4652,64,4,64,4
4653,64,4,64,4
4654,64,4,64,4
4655,64,4,64,4
4656,64,4,64,4
4657,-1,-1,71,4
4658,64,4,64,4
4659,64,4,64,4
4660,64,4,64,4
4661,64,3,64,3
4662,64,3,64,3
4663,64,3,64,3
4664,64,3,64,3
4665,64,3,64,3
4666,64,4,64,4
4667,64,4,64,4
4668,64,4,64,4
4669,64,4,64,4
4670,64,4,64,4
4671,64,4,64,4
4672,64,4,64,4
4673,64,4,64,4
4674,64,4,-1,-1
4675,64,4,64,4
4676,64,4,64,4
4677,64,4,64,4
4678,64,4,64,4
4679,64,4,64,4
4680,64,4,64,4
4681,64,4,64,4
4682,64,4,64,4
4683,64,4,64,4
4684,64,4,64,4
4685,66,3,66,3
4686,66,3,66,3
4687,64,4,64,4
4688,64,3,64,3
4689,64,4,64,4
4690,66,3,66,3
4691,66,3,66,3
4692,66,3,66,3
4693,66,2,66,2
4694,66,2,66,2
4695,66,2,66,2
4696,66,2,66,2
4697,66,2,66,2
4698,66,2,66,2
4699,66,2,66,2
4700,66,2,66,2
4701,66,2,66,2
4702,66,2,66,2
4703,66,2,66,2
4704,62,4,67,1
4705,66,1,66,1
4706,66,1,66,1
4707,66,1,66,1
4708,66,1,66,1
4709,66,1,66,1
4710,66,1,66,1
4711,66,1,66,1
4712,66,1,66,1
4713,66,1,66,2
4714,66,1,66,1
4715,62,4,67,3
4716,62,4,67,3
4717,62,4,67,3
4718,62,4,67,3
4719,64,4,64,4
4720,64,4,64,4
4721,64,4,64,4
4722,64,4,64,4
4723,64,4,64,4
4724,64,4,64,4
4725,64,4,64,4
4726,64,4,64,4
4727,64,4,64,4
4728,64,4,64,4
4729,66,3,66,3
4730,66,3,66,3
4731,66,4,-1,-1
4732,64,4,64,4
4733,64,4,64,4
4734,64,4,64,4
4735,64,4,64,4
4736,64,4,64,4
4737,64,4,64,4
4738,64,4,66,4
4739,62,4,68,1
4740,62,4,68,1
4741,62,4,68,1
4742,62,4,68,1
4743,62,4,68,1
4744,62,4,68,1
4745,66,1,66,1
4746,66,1,66,1
4747,66,1,66,1
4748,66,1,66,1
4749,66,1,66,1
4750,62,4,69,3
4751,62,4,69,3
4752,66,2,69,3
4753,66,1,66,1
4754,66,4,69,3
4755,66,4,69,3
4756,-1,-1,-1,-1
4757,-1,-1,-1,-1
4758,-1,-1,-1,-1
4759,-1,-1,-1,-1
4760,66,3,66,3
4761,64,2,67,3
4762,65,3,67,3
4763,62,3,67,3
4764,66,3,66,3
4765,66,4,66,4
4766,66,4,66,4
4767,66,4,66,4
4768,66,4,66,4
4769,66,4,66,4
4770,66,4,66,4
4771,66,4,66,4
4772,66,4,66,4
4773,66,4,66,4
4774,66,4,66,4
4775,66,4,66,4
4776,66,4,66,4
4777,66,4,66,4
4778,66,4,66,4
4779,66,1,66,1
4780,66,1,66,1
4781,66,1,66,1
4782,62,4,64,4
4783,62,4,65,3
4784,62,4,69,3
4785,62,4,69,3
4786,62,4,69,3
4787,62,4,69,4
4788,66,1,66,1
4789,66,1,66,1
4790,66,1,66,1
4791,66,1,66,1
4792,62,4,68,2
4793,66,1,66,2
4794,62,4,68,3
4795,66,1,66,1
4796,66,1,66,1
4797,66,1,66,1
4798,66,1,66,1
4799,66,1,66,1
4800,66,1,66,1
4801,66,1,66,1
4802,66,1,66,1
4803,66,1,66,1
4804,66,1,66,1
4805,66,1,66,1
4806,66,1,66,1
4807,66,1,66,1
4808,66,1,66,1
4809,66,1,66,1
4810,66,1,66,1
4811,62,4,69,3
4812,62,4,69,3
4813,62,4,69,3
4814,64,2,67,4
4815,63,3,67,4
4816,66,3,66,3
4817,64,2,67,4
4818,64,2,67,4
4819,64,2,64,2
4820,64,2,64,4
4821,64,2,67,4
4822,64,2,67,4
4823,66,3,66,3
4824,62,4,67,4
4825,66,3,66,3
4826,66,3,66,3
4827,66,3,66,3
4828,66,3,66,3
4829,66,3,66,3
4830,66,4,66,4
4831,64,2,67,4
4832,64,2,67,4
4833,64,2,67,4
4834,64,2,67,4
4835,66,1,66,1
4836,66,1,66,1
4837,66,1,66,1
4838,66,1,66,1
4839,66,1,66,1
4840,66,1,66,1
4841,66,1,66,1
4842,66,1,66,1
4843,66,1,66,1
4844,66,1,66,1
4845,66,1,66,1
4846,66,1,66,1
4847,66,1,66,1
4848,68,2,68,2
4849,66,1,66,1
4850,66,1,66,1
4851,66,3,66,3
4852,68,1,68,1
4853,68,1,68,1
4854,66,2,66,2
4855,66,2,66,2
4856,66,2,66,2
4857,66,1,66,1
4858,66,2,66,2
4859,66,2,66,2
4860,66,2,66,2
4861,66,2,66,2
4862,66,2,66,2
4863,66,2,66,2
4864,66,2,66,2
4865,66,2,66,2
4866,66,2,66,2
4867,66,2,66,2
4868,66,2,66,2
4869,66,2,66,2
4870,66,2,66,2
4871,66,2,66,2
4872,66,2,66,2
4873,66,2,66,2
4874,68,2,68,2
4875,66,2,66,2
4876,66,2,66,2
4877,66,2,66,2
4878,66,3,66,3
4879,68,2,68,2
4880,68,2,68,2
4881,62,4,69,3
4882,63,3,67,4
4883,63,3,67,4
4884,66,3,66,3
4885,63,3,67,4
4886,66,3,66,3
4887,66,3,66,3
4888,66,4,66,4
4889,66,3,66,3
4890,66,3,66,3
4891,66,3,66,3
4892,66,3,66,3
4893,66,3,66,3
4894,66,3,66,3
4895,66,3,66,3
4896,66,3,66,3
4897,66,3,66,3
4898,66,3,66,3
4899,66,3,66,3
4900,66,3,66,3
4901,66,4,66,4
4902,66,3,66,3
4903,66,2,66,2
4904,66,2,66,2
4905,66,2,66,2
4906,66,2,66,2
4907,66,2,66,2
4908,66,2,66,2
4909,66,2,66,2
4910,66,2,66,2
4911,66,2,66,2
4912,66,2,66,2
4913,66,2,66,2
4914,66,2,66,2
4915,66,2,66,2
4916,66,2,66,2
4917,66,2,66,2
4918,66,2,66,2
4919,66,2,66,2
4920,66,2,66,2
4921,66,2,66,2
4922,66,2,66,2
4923,66,2,66,2
4924,66,2,66,2
4925,66,2,66,2
4926,66,2,66,2
4927,66,2,66,2
4928,66,2,66,2
4929,66,2,66,2
4930,66,2,66,2
4931,66,2,66,2
4932,66,2,66,2
4933,66,2,66,2
4934,66,2,66,2
4935,66,2,66,2
4936,66,2,66,2
4937,66,2,66,2
4938,66,2,66,2
4939,66,2,66,2
4940,66,2,66,2
4941,66,2,66,2
4942,68,2,68,2
4943,68,2,68,2
4944,66,2,66,2
4945,66,2,66,2
4946,68,2,66,2
4947,66,2,66,2
4948,66,2,66,2
4949,66,2,66,2
4950,66,2,66,2
4951,66,2,66,2
4952,66,2,66,2
4953,66,2,66,2
4954,66,2,66,2
4955,66,2,66,2
4956,66,2,66,2
4957,66,2,66,2
4958,66,2,66,2
4959,66,2,66,2
4960,66,2,66,2
4961,66,2,66,2
4962,66,2,66,2
4963,66,2,66,2
4964,66,2,66,2
4965,66,3,66,2
4966,66,2,66,2
4967,66,2,66,2
4968,66,2,66,2
4969,66,2,66,2
4970,66,2,66,2
4971,66,2,66,2
4972,66,2,66,2
4973,66,2,66,2
4974,66,2,66,2
4975,66,2,66,2
4976,66,2,66,2
4977,66,2,66,2
4978,66,2,66,2
4979,66,2,66,2
4980,66,2,66,2
4981,66,2,66,2
4982,66,2,66,2
4983,66,2,66,2
4984,66,2,66,2
4985,66,2,66,2
4986,66,2,62,2
4987,66,2,66,2
4988,66,2,66,2
4989,66,2,66,2
4990,66,2,66,2
4991,66,2,66,2
4992,66,2,66,2
4993,66,2,66,2
4994,66,2,66,2
4995,66,2,66,2
4996,66,2,66,2
4997,66,2,66,2
4998,66,2,66,2
4999,66,2,66,2
5000,66,2,66,2
5001,66,2,66,2
5002,66,2,66,2
5003,66,2,66,2
5004,66,2,66,2
5005,66,2,66,2
5006,66,2,66,2
5007,66,2,66,2
5008,66,2,66,2
5009,68,2,68,2
5010,68,2,68,2
5011,66,2,66,2
5012,68,2,68,2
5013,68,2,68,2
5014,68,2,68,2
5015,62,4,69,3
5016,62,4,69,3
5017,62,4,69,3
5018,66,2,66,2
5019,66,2,66,2
5020,66,2,66,2
5021,66,2,66,2
5022,66,2,66,2
5023,66,2,66,2
5024,66,2,66,2
5025,66,2,66,2
5026,66,2,66,2
5027,66,2,66,2
5028,68,2,68,2
5029,67,2,67,2
5030,68,2,68,2
5031,68,2,68,2
5032,66,2,66,2
5033,66,2,66,2
5034,66,2,66,2
5035,66,2,66,2
5036,66,2,66,2
5037,66,2,66,2
5038,66,2,66,2
5039,66,2,66,2
5040,66,2,66,2
5041,66,2,66,2
5042,66,2,66,2
5043,66,2,66,2
5044,66,2,66,2
5045,66,2,66,2
5046,66,2,66,2
5047,66,2,66,2
5048,66,2,66,2
5049,66,2,66,2
5050,66,2,66,2
