SSN,labAnalysts
1,10
2,10
3,10
4,10
5,10
6,10
7,10
8,10
9,10
10,10
11,10
12,10
13,10
14,10
15,10
16,10
17,3
18,3
19,11
20,3
21,3
22,3
23,3
24,3
25,3
26,4
26,11
27,4
27,10
28,4
28,11
30,4
30,11
31,4
31,11
32,4
32,11
34,4
34,11
35,4
35,11
36,4
36,11
37,4
37,11
38,10
39,10
40,10
41,10
42,10
43,9
44,9
45,10
46,10
47,10
48,4
48,17
49,4
49,17
50,4
50,17
51,4
51,17
52,4
52,17
53,4
53,17
54,4
54,17
55,4
55,17
56,4
56,17
57,4
57,17
58,4
58,17
59,4
59,17
60,4
60,17
61,2
61,4
61,10
62,2
62,4
62,10
63,2
63,4
63,10
64,2
64,4
64,17
65,2
65,4
65,10
66,2
66,4
66,10
67,2
67,4
67,10
68,2
68,4
68,10
69,2
69,4
69,10
70,2
70,4
70,10
71,4
71,17
72,4
72,17
73,4
73,17
74,4
74,17
75,4
75,17
76,4
76,17
77,4
77,17
78,4
78,17
79,4
79,17
80,4
80,17
81,4
81,17
82,4
82,17
83,4
83,17
84,4
84,17
85,4
85,17
86,10
87,10
88,10
89,10
90,10
91,10
92,10
93,10
94,10
95,10
96,10
97,10
98,10
99,10
100,10
101,10
102,4
102,17
103,10
104,10
105,10
106,10
107,10
108,11
109,11
110,11
111,11
112,11
113,11
114,11
115,11
116,3
117,4
117,10
117,16
118,4
118,10
118,16
121,11
122,11
123,11
124,11
125,11
126,11
127,11
128,11
129,11
130,11
131,11
132,11
133,11
134,11
135,11
136,11
137,11
138,11
139,11
140,11
141,10
142,10
143,10
144,10
145,10
146,10
147,10
148,10
149,10
150,10
151,4
151,17
152,4
152,17
153,4
153,17
154,4
154,17
155,4
155,17
156,4
156,17
157,4
157,17
158,4
158,17
159,4
159,10
160,4
160,17
161,4
161,17
162,4
162,17
163,4
163,17
164,4
164,17
165,3
165,6
165,11
166,3
166,6
166,11
167,3
167,6
167,10
168,3
168,6
168,10
169,3
169,6
169,10
170,3
170,10
170,12
171,3
171,10
171,12
172,3
172,10
172,12
173,3
173,10
173,12
174,3
174,10
174,12
175,3
175,10
175,12
176,3
176,10
176,12
177,3
177,10
177,12
178,2
178,3
178,4
179,3
179,10
179,12
180,3
180,6
180,10
181,3
181,6
181,10
182,3
182,10
182,12
183,3
183,10
183,12
184,3
184,10
184,12
185,3
185,10
185,12
186,3
186,10
186,12
187,10
188,2
188,3
188,10
189,2
189,4
189,10
190,2
190,4
190,10
191,2
191,4
191,10
192,2
192,4
192,10
193,2
193,4
193,10
194,2
194,4
194,10
195,2
195,4
195,10
197,2
197,4
197,10
198,2
198,4
198,10
199,2
199,4
199,10
200,2
200,4
200,10
201,2
201,4
201,10
202,2
202,4
202,10
203,10
204,10
205,10
206,3
206,4
206,10
207,3
207,4
207,10
208,3
208,4
208,10
209,3
209,4
209,10
210,3
210,4
210,10
211,3
211,4
211,10
212,3
212,4
212,10
213,10
214,3
215,10
216,10
217,3
218,3
219,3
220,3
221,3
222,3
223,3
224,3
225,3
226,3
227,3
228,3
229,3
230,3
231,3
232,3
233,3
234,3
235,3
236,3
237,3
238,3
239,3
240,3
241,3
242,3
243,3
244,3
245,3
246,3
247,3
248,3
249,3
250,3
251,3
252,3
253,3
254,3
255,3
256,3
257,3
258,3
259,3
260,3
261,3
262,3
263,3
264,3
265,3
266,3
267,3
268,3
269,3
270,3
271,3
272,3
273,3
274,3
275,3
276,3
277,3
278,3
279,3
280,3
281,3
282,3
283,3
284,3
285,3
286,3
287,3
288,3
289,3
290,3
291,3
292,3
293,3
294,3
295,3
296,3
297,3
298,3
299,3
300,3
301,3
302,3
303,3
304,3
305,3
305,4
306,4
306,10
307,4
307,10
308,4
310,4
311,4
312,4
313,4
314,4
315,4
316,4
317,3
317,4
318,4
318,10
319,4
319,10
320,4
320,10
321,4
321,10
321,17
322,4
323,4
324,4
325,4
326,4
327,4
328,4
329,4
330,4
330,10
331,4
331,10
332,4
332,10
333,4
333,10
334,4
334,10
335,4
335,10
336,4
336,10
337,4
337,10
338,4
338,10
339,4
339,10
340,4
340,10
341,4
341,10
342,4
342,10
343,4
343,10
343,17
344,4
345,4
346,4
347,4
348,4
348,10
349,4
349,10
349,17
350,4
350,10
350,17
351,4
351,10
351,16
352,4
352,10
352,16
353,11
354,11
355,10
356,10
357,11
358,10
359,10
360,10
361,10
362,10
363,10
364,10
365,10
366,10
367,10
368,10
369,10
370,10
371,10
372,10
373,10
374,4
374,10
375,4
375,10
376,4
376,10
377,4
377,10
378,4
378,10
379,4
379,10
380,4
380,17
381,4
381,10
382,4
382,10
383,4
383,10
384,4
384,10
385,4
385,10
386,4
386,10
387,4
387,10
388,4
388,10
389,4
389,10
390,4
390,10
391,10
392,4
392,10
393,4
393,10
394,4
394,10
395,4
395,10
396,4
396,10
397,4
397,10
398,4
398,10
399,4
399,10
400,4
400,10
401,4
401,10
402,4
402,10
403,4
403,10
404,4
404,10
405,4
405,10
406,4
406,10
407,4
407,10
408,4
408,10
409,4
409,10
410,4
410,10
411,4
411,10
412,4
412,10
413,4
413,10
414,4
414,10
415,4
415,10
416,4
416,10
417,4
417,10
418,4
418,10
419,4
419,17
420,11
421,11
422,11
423,10
423,11
424,11
425,11
426,11
427,4
427,16
427,17
428,4
428,10
428,16
429,4
429,10
430,2
431,4
431,10
432,4
432,10
433,4
433,10
434,4
434,10
435,4
435,10
436,4
436,10
437,4
437,10
438,4
438,10
439,4
439,10
440,4
440,10
441,4
441,10
442,1
442,4
442,10
443,4
443,10
445,4
445,10
446,4
447,3
448,4
449,4
450,4
450,6
450,10
451,4
451,10
451,16
452,4
452,10
452,16
453,4
453,10
454,4
454,10
454,16
455,4
455,10
455,16
456,4
456,10
456,16
457,4
457,10
457,16
458,4
458,10
458,16
459,4
459,10
459,16
460,4
460,10
460,16
461,4
461,10
461,16
462,4
462,10
462,16
463,4
463,10
463,16
464,4
464,10
464,16
465,4
465,10
465,16
466,4
466,10
466,16
467,4
467,16
467,17
468,4
468,10
468,16
469,4
469,10
469,16
470,4
470,10
470,16
471,4
471,16
471,17
472,4
472,10
472,16
473,4
473,10
474,4
475,4
476,4
476,6
476,10
477,4
477,10
477,16
478,4
479,11
480,11
481,11
482,11
483,11
484,11
487,11
488,11
489,4
489,10
489,17
490,4
490,10
490,17
491,4
491,10
491,17
492,4
492,10
492,17
493,4
493,10
493,17
494,4
494,10
494,17
495,4
495,10
495,17
496,1
496,4
496,10
497,4
498,4
498,10
498,17
499,4
499,10
499,17
500,4
500,10
500,17
501,4
501,10
501,17
502,4
502,10
502,17
503,10
505,10
506,11
507,4
507,10
507,17
508,4
508,10
508,17
509,4
509,10
509,17
510,4
510,10
510,17
511,11
512,10
513,10
514,10
515,11
516,10
517,10
518,4
518,10
518,17
519,4
519,10
519,17
520,4
520,10
520,17
521,4
521,10
521,17
522,4
522,10
522,17
523,4
523,10
523,17
524,4
524,10
524,17
525,4
525,10
525,17
526,4
526,10
527,4
527,10
527,17
528,4
528,10
528,17
529,4
529,10
529,17
530,4
530,10
530,17
531,4
531,10
531,17
532,4
532,10
532,17
533,4
533,10
533,17
534,4
534,10
534,17
535,4
535,10
535,17
536,4
536,10
536,17
537,4
537,10
537,17
538,4
538,10
538,17
539,4
539,10
539,17
540,4
540,10
540,17
541,4
541,10
541,17
542,4
542,10
542,17
543,4
543,10
543,17
544,4
544,10
544,17
545,4
545,10
545,17
546,4
546,10
547,4
547,10
547,17
548,4
548,10
548,17
549,4
549,10
549,17
550,4
550,10
550,17
551,4
551,10
551,17
552,4
552,10
552,17
553,4
553,10
553,17
554,4
554,10
554,17
555,4
555,10
555,17
556,4
556,10
556,17
557,4
557,10
557,17
558,4
558,10
558,17
559,4
559,10
559,17
560,4
560,10
560,17
561,1
561,2
561,4
562,10
563,10
564,4
564,10
564,17
565,10
566,4
566,10
566,17
567,4
567,10
567,17
568,4
568,10
568,17
569,4
569,10
569,17
570,4
570,10
570,17
571,4
571,10
571,17
572,4
572,10
572,17
573,4
573,10
573,17
574,4
574,10
574,17
575,4
575,10
575,17
576,4
576,10
576,17
577,4
577,10
577,17
578,4
578,10
578,17
579,4
579,10
579,17
580,4
580,10
580,17
581,11
582,11
584,11
585,11
586,11
587,11
588,4
588,11
588,17
589,11
590,10
590,11
591,11
592,11
593,11
594,11
595,11
596,11
597,4
597,17
598,4
598,17
599,10
600,10
601,4
601,17
602,4
602,17
603,4
603,17
604,4
604,17
605,4
605,17
606,4
606,17
607,4
607,17
608,4
608,17
609,4
609,17
610,4
610,10
611,4
611,17
612,4
612,17
613,4
613,17
614,4
614,17
615,4
615,17
616,4
616,17
617,4
617,17
618,4
618,17
619,4
619,17
620,4
620,17
621,4
621,17
622,4
622,17
623,4
623,17
624,4
624,17
625,4
625,17
626,4
626,17
627,4
627,17
628,4
628,17
629,4
629,10
629,17
630,4
630,17
631,4
631,10
631,17
632,4
632,10
632,17
633,4
633,10
633,17
634,4
634,10
634,17
635,4
635,10
635,17
636,4
636,10
636,17
637,3
638,3
639,3
640,3
640,11
641,3
641,4
641,11
642,4
642,11
643,4
643,10
643,11
644,3
644,4
644,10
645,4
645,11
646,4
646,11
647,4
647,11
648,4
648,11
649,4
649,11
650,4
650,11
651,4
651,11
652,3
652,11
653,4
653,11
654,4
654,11
655,4
655,11
656,4
656,11
657,11
658,4
658,11
659,1
659,5
659,19
660,4
660,11
661,4
662,4
663,4
663,11
664,2
664,5
664,10
665,4
665,6
665,11
666,11
667,3
668,3
669,4
669,11
670,3
671,3
672,4
672,11
673,3
674,3
675,3
675,4
675,6
676,4
676,11
677,4
677,11
678,4
678,11
679,11
680,4
680,10
681,3
682,4
683,3
684,4
684,6
684,11
685,3
686,4
686,6
686,11
687,4
687,6
687,10
688,4
688,10
689,4
689,10
689,17
690,4
690,10
690,17
691,4
691,10
692,4
692,10
692,17
693,4
693,10
694,4
694,10
695,4
695,10
695,17
696,4
696,10
697,4
697,10
698,4
698,10
699,4
699,10
700,4
700,10
701,4
701,10
702,4
702,10
703,4
703,10
704,4
704,10
705,4
705,10
706,4
706,10
707,4
707,10
708,4
708,10
709,4
709,10
710,4
710,10
711,4
711,10
712,4
712,10
713,4
713,10
714,4
714,10
715,4
715,10
716,4
716,10
716,17
717,4
717,10
717,17
718,4
718,10
718,17
719,4
719,10
719,17
720,4
720,10
720,17
721,4
721,10
721,17
722,4
722,10
722,17
723,4
723,10
723,17
724,4
724,10
724,17
725,4
725,10
725,17
726,4
726,10
726,17
727,4
727,10
728,4
728,10
729,4
729,10
730,4
730,10
731,4
731,10
732,4
732,10
733,4
733,10
734,4
734,10
735,4
735,10
736,4
736,10
737,4
737,10
738,4
738,10
739,4
739,10
740,4
740,10
741,11
742,11
743,11
744,11
745,11
746,11
747,11
748,4
748,10
749,4
749,10
749,17
750,4
750,10
750,17
751,4
751,10
751,17
752,4
752,10
752,17
753,4
753,10
753,17
754,4
754,10
754,17
755,4
755,10
755,17
756,4
756,10
756,17
757,4
757,10
757,17
758,4
758,17
759,4
759,10
759,17
760,4
760,10
760,17
761,4
761,10
761,17
762,4
762,10
762,17
763,4
763,10
763,17
764,4
764,10
764,17
765,2
765,4
765,10
766,4
766,10
766,17
767,4
767,10
767,17
768,4
768,10
768,17
769,4
769,10
769,17
770,4
770,10
770,17
771,4
771,10
771,17
772,4
772,10
772,17
773,4
773,10
773,17
774,4
774,10
774,17
775,4
775,10
775,17
776,4
776,10
776,17
777,4
777,10
777,17
778,4
778,10
778,17
779,4
779,10
779,17
780,4
780,10
780,17
781,4
781,10
781,17
782,4
782,10
782,17
783,4
783,10
783,17
784,4
784,10
784,17
785,4
785,10
785,17
786,4
786,10
786,17
787,4
787,10
787,17
788,4
788,10
788,17
789,4
789,10
789,17
790,4
790,10
790,17
791,4
791,10
791,17
792,4
792,10
792,17
793,4
793,10
793,17
794,4
794,10
794,17
795,4
795,10
795,17
796,4
796,10
796,17
797,4
797,10
797,17
798,4
798,10
798,17
799,4
799,10
799,17
800,4
800,10
800,17
801,4
801,10
801,17
802,4
802,10
802,17
803,4
803,10
803,17
804,4
804,10
804,17
805,4
805,10
805,17
806,4
806,10
806,17
807,4
807,10
807,17
808,4
808,10
808,17
809,4
809,10
809,17
810,4
810,10
810,17
811,4
811,10
811,17
812,4
812,10
812,17
813,4
813,10
813,17
814,4
814,10
814,17
815,4
815,10
815,17
816,4
816,10
816,17
817,4
817,10
817,17
818,4
818,10
818,17
819,4
819,10
819,17
820,4
820,10
820,17
821,4
821,10
821,17
822,4
822,10
822,17
823,4
823,10
823,17
824,4
824,10
824,17
825,4
825,10
825,17
826,4
826,10
826,17
827,4
827,10
827,17
828,4
828,10
828,17
829,4
829,10
829,17
830,4
830,10
830,17
831,4
831,10
831,17
832,4
832,10
832,17
833,4
833,10
833,17
834,4
834,10
834,17
835,4
835,10
836,4
836,10
836,17
837,4
837,10
837,17
838,4
838,10
838,17
839,4
839,10
839,17
840,4
840,10
840,17
841,4
841,10
841,17
842,4
842,10
842,17
843,4
843,10
843,17
844,4
844,10
844,17
845,4
845,10
845,17
846,4
846,10
846,17
847,4
847,10
847,17
848,4
848,10
848,17
849,4
849,10
849,17
850,4
850,10
850,17
851,4
851,10
851,17
852,4
852,10
852,17
853,4
853,10
853,17
854,4
854,10
854,17
855,4
855,10
855,17
856,4
856,10
856,17
857,4
857,10
857,17
858,4
858,10
858,17
859,4
859,10
859,17
860,4
860,10
860,17
861,4
861,10
861,17
862,4
862,10
862,17
863,4
863,10
863,17
864,4
864,10
864,17
865,4
865,10
865,17
866,4
866,10
866,17
867,4
867,10
867,17
868,4
868,10
868,17
869,4
869,10
869,17
870,4
870,10
870,17
871,4
871,10
871,17
872,4
872,10
872,17
873,4
873,10
873,17
874,4
874,10
874,17
875,4
875,10
875,17
876,4
876,10
876,17
877,4
877,10
877,17
878,4
878,10
878,17
879,4
879,10
879,17
880,4
880,10
880,17
881,4
881,10
881,17
882,4
882,10
882,17
883,4
883,10
883,17
884,4
884,10
884,17
885,4
885,10
885,17
886,4
886,10
886,17
887,4
887,10
887,17
888,4
888,10
888,17
889,4
889,10
889,17
890,4
890,10
890,17
891,4
891,10
891,17
892,4
892,10
892,17
893,4
893,10
893,17
894,4
894,10
894,17
895,4
895,10
895,17
896,4
896,10
896,17
897,4
897,10
897,17
898,4
898,10
898,17
899,4
899,10
899,17
900,4
900,10
900,17
901,4
901,10
901,17
902,4
902,10
902,17
903,4
903,10
903,17
904,4
904,10
904,17
905,4
905,10
905,17
906,4
906,10
906,17
907,4
907,10
907,17
908,4
908,10
908,17
909,4
909,10
909,17
910,4
910,10
910,17
911,4
911,17
912,4
912,17
913,4
913,17
914,4
914,17
915,4
915,10
915,17
916,4
916,10
916,17
917,4
917,10
917,17
918,4
918,10
918,17
919,4
919,10
919,17
920,4
920,10
920,17
921,4
921,10
921,17
922,4
922,10
922,17
923,4
923,10
924,4
924,10
925,4
925,10
926,4
926,10
927,4
927,10
928,4
928,10
928,17
929,4
929,10
929,17
930,4
930,10
931,4
931,10
931,17
932,4
932,10
932,17
933,4
933,10
933,17
934,4
934,10
934,17
935,4
935,10
935,17
936,4
936,10
936,17
937,4
937,10
938,4
938,10
939,4
939,10
939,17
940,4
940,10
940,17
941,4
941,10
941,17
942,4
942,10
942,17
943,4
943,10
943,17
944,4
944,10
944,17
945,4
945,10
945,17
946,4
946,10
946,17
947,4
947,10
947,17
948,4
948,10
948,17
949,4
949,10
949,17
950,4
950,10
950,17
951,4
951,10
951,17
952,4
952,10
952,17
953,4
953,10
953,17
954,4
954,10
954,17
955,4
955,10
955,17
956,4
956,10
956,17
957,4
957,10
957,17
958,4
958,10
958,17
959,4
959,10
959,17
960,4
960,10
960,17
961,4
961,10
961,17
962,4
962,10
962,17
963,4
963,10
963,17
964,4
964,10
964,17
965,4
965,10
965,17
966,4
966,10
966,17
967,4
967,10
967,17
968,4
968,10
968,17
969,4
969,10
969,17
970,4
970,10
970,17
971,4
971,10
971,17
972,4
972,10
972,17
973,4
973,10
973,17
974,4
974,10
974,17
975,4
975,10
975,17
976,4
976,10
976,17
977,4
977,10
977,17
978,4
978,10
978,17
979,4
979,10
979,17
980,4
980,10
980,17
981,4
981,10
981,17
982,4
982,10
982,17
983,4
983,10
983,17
984,4
984,10
984,17
985,4
985,10
985,17
986,4
986,10
986,17
987,4
987,10
987,17
988,4
988,10
988,17
989,4
989,10
989,17
990,4
990,10
990,17
991,4
991,10
991,17
992,4
992,10
993,4
993,10
994,4
994,10
995,4
995,10
996,4
996,10
996,17
997,4
997,10
997,17
998,4
998,10
998,17
999,4
999,10
999,17
1000,4
1000,10
1000,17
1001,4
1001,10
1001,17
1002,4
1002,10
1002,17
1004,4
1004,10
1004,17
1005,4
1005,10
1005,17
1006,4
1006,10
1006,17
1007,4
1007,10
1007,17
1008,4
1008,10
1008,17
1009,4
1009,10
1009,17
1010,4
1010,10
1011,4
1011,10
1012,4
1012,10
1013,4
1013,10
1013,17
1014,4
1014,10
1014,17
1015,4
1015,10
1015,17
1016,4
1016,10
1016,17
1017,4
1017,10
1017,17
1018,4
1018,10
1018,17
1019,4
1019,10
1019,17
1020,4
1020,10
1020,17
1021,4
1021,10
1021,17
1022,4
1022,10
1022,17
1023,4
1023,10
1023,17
1024,4
1024,10
1024,17
1025,4
1025,10
1025,17
1026,4
1026,10
1026,17
1027,4
1027,10
1027,17
1028,4
1028,10
1028,17
1029,4
1029,10
1029,17
1030,4
1030,10
1030,17
1031,4
1031,10
1031,17
1032,4
1032,10
1032,17
1033,4
1033,10
1033,17
1034,4
1034,10
1034,17
1035,4
1035,10
1035,17
1036,4
1036,10
1036,17
1037,4
1037,10
1037,17
1038,4
1038,10
1038,17
1039,4
1039,10
1039,17
1040,4
1040,10
1040,17
1041,4
1041,10
1041,17
1042,4
1042,10
1042,17
1043,4
1043,10
1043,17
1044,4
1044,10
1044,17
1045,4
1045,10
1045,17
1046,4
1046,10
1046,17
1047,4
1047,10
1047,17
1048,4
1048,10
1048,17
1049,4
1049,10
1049,17
1050,4
1050,10
1050,17
1051,4
1051,10
1051,17
1052,4
1052,10
1052,17
1053,4
1053,10
1053,17
1054,4
1054,10
1054,17
1055,4
1055,10
1055,17
1056,4
1056,10
1056,17
1057,4
1057,10
1057,17
1058,4
1058,10
1058,17
1059,4
1059,10
1059,17
1060,4
1060,10
1060,17
1061,4
1061,10
1061,17
1062,4
1062,10
1062,17
1063,4
1063,10
1063,17
1064,4
1064,10
1064,17
1065,4
1065,10
1065,17
1066,4
1066,10
1066,17
1067,4
1067,10
1067,17
1068,4
1068,10
1068,17
1069,4
1069,10
1069,17
1070,4
1070,10
1070,17
1071,4
1071,10
1071,17
1072,4
1072,10
1072,17
1073,4
1073,10
1073,17
1074,4
1074,10
1075,4
1075,10
1075,17
1076,4
1076,10
1076,17
1077,4
1077,10
1077,17
1078,4
1078,10
1078,17
1079,4
1079,10
1079,17
1080,4
1080,10
1080,17
1081,4
1081,10
1081,17
1082,4
1082,10
1082,17
1083,4
1083,10
1083,17
1084,4
1084,10
1084,17
1085,4
1085,10
1085,17
1086,4
1086,10
1086,17
1087,4
1087,10
1087,17
1088,4
1088,10
1088,17
1089,4
1089,10
1089,17
1090,4
1090,10
1090,17
1091,4
1091,10
1091,17
1092,4
1092,10
1092,17
1093,4
1093,10
1093,17
1094,4
1094,10
1094,17
1095,4
1095,10
1095,17
1096,4
1096,10
1096,17
1097,4
1097,10
1097,17
1098,4
1098,10
1098,17
1099,4
1099,10
1099,17
1100,4
1100,10
1100,17
1101,4
1101,10
1101,17
1102,4
1102,10
1102,17
1103,4
1103,10
1103,17
1104,4
1104,10
1105,4
1105,10
1105,17
1106,4
1106,10
1106,17
1107,4
1107,10
1107,17
1108,4
1108,10
1108,17
1109,4
1109,10
1109,17
1110,4
1110,10
1110,17
1111,4
1111,10
1111,17
1112,4
1112,10
1112,17
1113,4
1113,10
1113,17
1114,4
1114,10
1114,17
1115,4
1115,10
1115,17
1116,4
1116,10
1116,17
1117,4
1117,10
1117,17
1118,4
1118,10
1118,17
1119,4
1119,10
1119,17
1120,4
1120,10
1120,17
1122,4
1122,6
1122,11
1123,4
1123,6
1123,11
1124,4
1124,10
1124,17
1125,4
1125,10
1125,17
1126,4
1126,10
1126,17
1127,4
1127,10
1127,17
1128,4
1128,10
1128,17
1129,4
1129,11
1129,17
1130,4
1130,10
1130,17
1131,4
1131,10
1131,17
1132,4
1132,10
1132,17
1133,4
1133,10
1133,17
1134,4
1134,10
1134,17
1135,4
1135,10
1135,17
1137,4
1137,11
1137,17
1138,4
1138,10
1138,17
1139,4
1139,10
1139,17
1140,4
1140,10
1140,17
1141,4
1141,10
1141,17
1142,4
1142,10
1142,17
1143,4
1143,10
1143,17
1144,4
1144,10
1144,17
1145,4
1145,10
1145,17
1146,4
1146,10
1146,17
1147,4
1147,10
1147,17
1148,4
1148,10
1148,17
1149,4
1149,10
1149,17
1150,4
1150,10
1150,17
1151,4
1151,10
1151,17
1152,4
1152,10
1152,17
1153,4
1153,10
1153,17
1154,4
1154,10
1154,17
1155,4
1155,10
1155,17
1156,4
1156,10
1156,17
1157,4
1157,10
1157,17
1158,4
1158,10
1158,17
1159,4
1159,10
1159,17
1160,4
1160,10
1160,17
1161,4
1161,10
1161,17
1162,4
1162,10
1162,17
1163,4
1163,10
1163,17
1165,4
1165,6
1165,11
1166,4
1166,6
1167,4
1167,6
1168,4
1168,6
1169,11
1170,4
1170,6
1170,11
1171,4
1171,6
1171,11
1172,4
1172,6
1172,11
1173,4
1173,6
1173,11
1174,4
1174,6
1174,11
1175,10
1176,10
1177,10
1178,10
1179,10
1180,4
1180,6
1180,11
1181,4
1181,6
1181,11
1182,10
1183,10
1184,10
1185,4
1185,6
1185,10
1186,4
1186,6
1186,10
1187,4
1187,10
1187,17
1188,4
1188,6
1188,11
1189,4
1189,10
1189,17
1190,4
1190,10
1190,17
1191,4
1191,10
1191,17
1192,4
1192,10
1192,17
1193,4
1193,10
1193,17
1194,4
1194,10
1194,17
1195,4
1195,10
1195,17
1196,4
1196,10
1196,17
1197,4
1197,10
1197,17
1198,4
1198,6
1198,11
1199,4
1199,6
1199,11
1200,4
1200,6
1201,4
1201,10
1201,17
1202,4
1202,10
1202,17
1203,4
1203,10
1203,17
1204,10
1205,4
1205,10
1205,17
1206,4
1206,10
1206,17
1207,4
1207,10
1207,17
1208,10
1209,4
1209,10
1209,17
1210,4
1210,10
1210,17
1211,4
1211,10
1211,17
1212,4
1212,10
1212,17
1213,4
1213,10
1213,17
1214,4
1214,10
1214,17
1215,4
1215,10
1215,17
1216,4
1216,10
1216,17
1217,4
1217,10
1217,17
1218,4
1218,10
1218,17
1219,4
1219,10
1219,17
1220,4
1220,10
1220,17
1221,4
1221,10
1221,17
1222,4
1222,10
1222,17
1223,4
1223,10
1223,17
1224,4
1224,10
1224,17
1225,4
1225,10
1225,17
1226,4
1226,10
1226,17
1227,4
1227,10
1227,17
1228,4
1228,10
1228,17
1229,4
1229,10
1229,17
1230,4
1230,10
1230,17
1231,4
1231,10
1231,17
1232,4
1232,10
1232,17
1233,4
1233,10
1233,17
1234,4
1234,10
1234,17
1235,4
1235,10
1235,17
1236,4
1236,10
1236,17
1237,4
1237,10
1237,17
1238,4
1238,10
1238,17
1239,4
1239,10
1239,17
1240,4
1240,10
1241,4
1241,10
1241,17
1242,4
1242,10
1242,17
1243,11
1244,11
1245,10
1246,11
1247,4
1247,10
1248,4
1248,10
1249,4
1249,10
1250,4
1250,10
1251,4
1251,10
1253,4
1253,10
1253,17
1254,4
1254,10
1254,11
1255,4
1255,10
1255,17
1256,4
1256,10
1256,17
1257,4
1257,10
1257,17
1258,4
1258,10
1258,17
1259,4
1259,10
1259,17
1260,4
1260,10
1261,4
1261,10
1262,4
1262,10
1262,17
1263,4
1263,10
1263,17
1264,4
1264,10
1264,17
1265,4
1265,10
1265,17
1266,4
1266,10
1266,17
1267,4
1267,10
1267,17
1268,4
1268,10
1268,17
1269,4
1269,10
1269,17
1270,4
1270,10
1270,17
1271,4
1271,10
1271,17
1272,4
1272,10
1272,11
1273,4
1273,10
1273,11
1274,11
1275,4
1275,10
1276,4
1276,10
1277,4
1277,10
1278,4
1278,10
1279,4
1279,10
1280,4
1280,10
1281,4
1281,10
1282,4
1282,10
1283,4
1283,10
1284,4
1284,10
1285,4
1285,10
1286,4
1286,10
1287,4
1287,10
1287,11
1288,4
1288,10
1289,4
1289,10
1290,4
1290,10
1291,4
1291,10
1291,11
1292,4
1292,10
1292,11
1293,4
1293,10
1293,11
1294,4
1294,10
1294,11
1295,4
1295,10
1295,11
1296,4
1296,10
1296,11
1297,4
1297,10
1297,11
1298,4
1298,10
1298,11
1299,4
1299,10
1299,11
1300,4
1300,10
1300,11
1301,4
1301,10
1301,11
1302,4
1302,10
1302,17
1303,4
1303,10
1303,17
1304,4
1304,10
1304,17
1305,4
1305,10
1305,17
1306,4
1306,10
1306,17
1307,4
1307,10
1307,17
1308,4
1308,10
1308,17
1309,4
1309,10
1309,17
1310,4
1310,10
1310,17
1311,4
1311,10
1311,17
1312,4
1312,10
1312,17
1313,4
1313,10
1313,17
1314,4
1314,10
1314,17
1315,4
1315,10
1315,17
1316,4
1316,10
1316,17
1317,4
1317,10
1317,17
1318,4
1318,10
1318,17
1319,4
1319,10
1319,17
1320,4
1320,10
1320,17
1321,4
1321,10
1321,17
1322,4
1322,10
1323,4
1323,10
1324,4
1324,10
1325,4
1325,10
1326,4
1326,10
1326,17
1327,4
1327,10
1327,17
1328,4
1328,10
1328,17
1329,4
1329,10
1329,17
1330,4
1330,10
1330,17
1331,4
1331,10
1331,17
1332,4
1332,10
1332,17
1333,4
1333,10
1333,17
1334,4
1334,10
1334,17
1335,4
1335,10
1335,17
1336,4
1336,10
1336,17
1337,4
1337,10
1337,17
1338,4
1338,10
1338,17
1339,4
1339,10
1339,17
1340,4
1340,10
1340,17
1341,4
1341,10
1342,4
1342,10
1342,17
1343,4
1343,10
1343,17
1344,4
1344,10
1344,17
1345,4
1345,10
1345,17
1346,4
1346,10
1346,17
1347,4
1347,10
1348,4
1348,10
1348,17
1349,4
1349,10
1349,17
1350,4
1350,10
1350,17
1351,4
1351,10
1351,17
1352,4
1352,10
1352,17
1353,4
1353,10
1353,17
1354,4
1354,10
1354,17
1355,4
1355,10
1355,17
1356,11
1357,11
1358,11
1359,11
1360,4
1360,10
1360,17
1361,4
1361,10
1361,17
1362,4
1362,10
1362,17
1363,4
1363,10
1363,17
1364,4
1364,10
1364,17
1365,2
1365,4
1365,10
1366,2
1366,4
1366,10
1367,2
1367,4
1367,10
1370,2
1370,4
1370,10
1371,2
1371,4
1371,10
1372,2
1372,4
1372,10
1373,2
1373,4
1373,10
1374,11
1375,2
1375,4
1375,10
1376,4
1376,10
1376,17
1377,4
1377,10
1377,17
1378,4
1378,10
1378,17
1379,4
1379,10
1379,17
1380,4
1380,10
1380,17
1381,4
1381,10
1381,17
1382,4
1382,10
1382,17
1383,4
1383,10
1383,17
1384,4
1384,10
1384,17
1385,4
1385,10
1385,17
1386,4
1386,10
1386,17
1387,4
1387,10
1387,17
1388,4
1388,10
1388,17
1389,4
1389,10
1389,17
1390,4
1390,10
1390,17
1391,4
1391,10
1391,17
1392,4
1392,10
1392,17
1393,4
1393,10
1393,17
1394,4
1394,10
1394,17
1395,4
1395,10
1395,17
1396,4
1396,10
1396,17
1397,4
1397,10
1397,17
1398,4
1398,10
1398,17
1399,4
1399,10
1399,17
1400,4
1400,10
1400,17
1401,4
1401,10
1401,17
1402,4
1402,10
1402,17
1403,4
1403,10
1403,17
1404,4
1404,10
1404,17
1405,4
1405,10
1405,17
1406,4
1406,10
1406,17
1407,4
1407,10
1407,17
1408,4
1408,10
1408,17
1409,4
1409,10
1409,17
1410,4
1410,10
1410,17
1411,4
1411,10
1411,17
1412,4
1412,10
1412,17
1413,4
1413,10
1413,17
1414,4
1414,10
1414,17
1415,4
1415,10
1415,17
1416,4
1416,10
1417,4
1417,10
1417,17
1418,4
1418,10
1418,17
1419,4
1419,10
1419,17
1420,4
1420,10
1421,4
1421,10
1421,17
1422,4
1422,10
1423,4
1423,10
1423,17
1424,4
1424,10
1424,17
1425,4
1425,10
1425,17
1426,4
1426,10
1426,17
1427,4
1427,10
1427,17
1428,4
1428,10
1428,17
1429,4
1429,10
1429,17
1430,4
1430,10
1431,4
1431,10
1431,17
1432,4
1432,10
1432,17
1433,4
1433,10
1433,17
1434,4
1434,10
1434,17
1435,4
1435,10
1435,17
1436,4
1436,10
1437,4
1437,10
1438,4
1438,10
1439,4
1439,10
1440,4
1440,10
1441,4
1441,10
1442,4
1442,10
1443,4
1443,10
1444,4
1444,10
1445,4
1445,10
1446,4
1446,10
1447,4
1447,10
1448,4
1448,10
1449,4
1449,10
1450,4
1450,10
1451,4
1451,10
1452,4
1452,10
1453,4
1453,10
1454,4
1454,10
1455,4
1455,10
1456,4
1456,10
1457,4
1457,10
1458,4
1458,10
1459,4
1459,10
1460,4
1460,10
1461,4
1461,10
1461,17
1462,4
1462,10
1462,17
1463,4
1463,10
1463,17
1464,4
1464,10
1464,17
1465,4
1465,10
1465,17
1466,4
1466,10
1466,17
1467,4
1467,10
1467,17
1468,4
1468,10
1468,17
1469,4
1469,10
1469,17
1470,4
1470,10
1470,17
1471,4
1471,10
1471,17
1472,4
1472,10
1472,17
1473,4
1473,10
1473,17
1474,4
1474,10
1474,17
1475,4
1475,10
1475,17
1476,4
1476,10
1476,17
1477,4
1477,10
1477,17
1478,4
1478,10
1478,17
1479,4
1479,10
1479,17
1480,4
1480,10
1480,17
1481,4
1481,10
1481,17
1482,4
1482,10
1482,17
1483,4
1483,10
1483,17
1484,4
1484,10
1484,17
1485,4
1485,10
1485,17
1486,4
1486,10
1486,17
1487,4
1487,10
1487,17
1488,4
1488,10
1488,17
1489,4
1489,10
1489,17
1490,4
1490,7
1490,10
1491,4
1491,10
1491,17
1492,4
1492,10
1492,17
1493,4
1493,10
1494,4
1494,10
1494,17
1495,4
1495,10
1495,17
1496,4
1496,10
1496,17
1497,4
1497,10
1497,17
1498,4
1498,10
1498,17
1499,4
1499,10
1499,17
1500,4
1500,10
1500,17
1501,4
1501,10
1502,4
1502,10
1502,17
1503,4
1503,10
1503,17
1504,4
1504,10
1504,17
1505,4
1505,10
1506,4
1506,10
1506,17
1507,4
1507,10
1507,17
1508,4
1508,10
1508,17
1509,4
1509,10
1509,17
1510,4
1510,10
1510,17
1511,4
1511,10
1511,17
1512,4
1512,10
1512,17
1513,4
1513,10
1513,17
1514,4
1514,10
1514,17
1515,4
1515,10
1515,17
1516,4
1516,10
1516,17
1517,4
1517,10
1517,17
1518,4
1518,10
1518,17
1519,4
1519,10
1519,17
1520,4
1520,10
1520,17
1521,4
1521,10
1521,17
1522,4
1522,10
1522,17
1524,2
1524,10
1525,4
1525,10
1526,2
1526,10
1527,2
1527,4
1527,10
1528,2
1528,10
1529,4
1529,6
1529,10
1530,2
1530,10
1531,10
1532,10
1533,10
1534,2
1534,4
1534,10
1535,10
1536,10
1537,4
1537,10
1538,2
1538,10
1539,2
1539,4
1539,10
1540,2
1540,4
1540,10
1541,2
1541,4
1541,10
1542,2
1542,4
1542,10
1543,2
1543,4
1543,10
1544,2
1544,4
1544,10
1545,2
1545,4
1545,10
1546,2
1546,4
1546,10
1547,2
1547,4
1547,10
1548,2
1548,4
1548,10
1549,2
1549,4
1549,10
1550,2
1550,4
1550,10
1551,2
1551,4
1551,10
1552,2
1552,4
1552,10
1553,2
1553,4
1553,10
1554,2
1554,4
1554,10
1555,2
1555,4
1555,10
1556,2
1556,4
1556,10
1557,2
1557,4
1557,10
1558,2
1558,10
1559,2
1559,10
1560,2
1560,10
1561,2
1561,10
1562,2
1562,10
1562,15
1563,4
1563,10
1563,17
1564,2
1564,9
1564,10
1565,2
1565,9
1565,10
1566,2
1566,9
1566,10
1567,4
1567,10
1567,17
1568,2
1568,4
1568,9
1569,2
1569,4
1569,9
1570,2
1570,4
1570,15
1571,2
1571,4
1571,15
1572,2
1572,4
1572,9
1573,2
1573,4
1573,9
1574,2
1574,4
1574,9
1575,2
1575,4
1575,15
1580,2
1580,15
1581,4
1581,10
1581,17
1582,4
1582,10
1582,11
1583,4
1583,10
1583,17
1584,4
1584,10
1584,17
1585,4
1585,10
1585,17
1586,4
1586,10
1586,17
1587,4
1587,10
1587,17
1588,4
1588,10
1588,17
1589,4
1589,10
1589,17
1590,4
1590,10
1590,17
1591,4
1591,10
1591,17
1592,4
1592,10
1592,17
1593,4
1593,10
1593,17
1594,4
1594,10
1594,17
1595,4
1595,10
1595,17
1596,4
1596,10
1596,17
1597,4
1597,10
1597,17
1601,11
1602,11
1603,10
1604,10
1605,11
1606,11
1607,4
1607,10
1607,17
1608,4
1608,10
1608,17
1609,4
1609,10
1609,17
1610,4
1610,10
1610,17
1611,4
1611,10
1611,17
1612,4
1612,10
1613,4
1613,10
1613,17
1614,4
1614,10
1615,4
1615,10
1615,17
1616,4
1616,10
1616,17
1617,4
1617,10
1617,17
1618,4
1618,10
1618,17
1619,4
1619,10
1620,4
1620,10
1620,17
1621,4
1621,10
1621,17
1622,4
1622,10
1623,4
1623,10
1623,17
1624,4
1624,10
1624,17
1625,4
1625,10
1625,17
1626,4
1626,10
1626,17
1627,4
1627,10
1627,17
1628,4
1628,10
1628,17
1629,4
1629,10
1629,17
1630,4
1630,10
1630,17
1631,4
1631,10
1631,17
1632,4
1632,10
1632,17
1633,4
1633,10
1633,17
1634,4
1634,10
1634,17
1635,4
1635,10
1635,17
1636,4
1636,10
1636,17
1637,4
1637,10
1637,17
1638,4
1638,10
1638,17
1639,4
1639,10
1639,17
1640,4
1640,10
1640,17
1641,4
1641,10
1641,17
1642,4
1642,10
1642,17
1643,4
1643,10
1643,17
1644,4
1644,10
1644,17
1645,4
1645,10
1645,17
1646,4
1646,10
1646,17
1647,4
1647,10
1647,17
1648,4
1648,10
1648,17
1649,4
1649,10
1649,17
1650,4
1650,10
1650,17
1651,4
1651,10
1651,17
1652,4
1652,10
1652,17
1653,4
1653,10
1653,17
1654,4
1654,10
1654,17
1655,4
1655,10
1655,17
1657,4
1657,10
1657,17
1658,4
1658,10
1658,17
1659,4
1659,10
1659,17
1661,4
1661,10
1661,17
1662,4
1662,10
1662,17
1663,4
1663,10
1663,17
1665,4
1665,10
1665,17
1666,4
1666,10
1666,17
1667,4
1667,10
1667,17
1668,4
1668,10
1668,17
1669,4
1669,10
1669,17
1670,3
1670,11
1671,3
1671,11
1672,11
1673,3
1673,11
1674,11
1675,3
1675,11
1676,3
1676,11
1677,3
1677,11
1678,11
1680,11
1681,11
1682,11
1683,3
1683,11
1684,11
1685,11
1686,11
1687,3
1687,11
1688,11
1689,11
1690,11
1691,11
1697,11
1700,11
1701,11
1702,11
1703,11
1704,11
1705,11
1706,11
1707,11
1708,11
1709,3
1709,11
1710,11
1711,11
1712,11
1713,11
1714,11
1719,11
1720,11
1721,11
1722,11
1723,11
1724,11
1726,4
1726,10
1727,4
1727,17
1728,4
1728,17
1729,4
1729,10
1730,10
1731,10
1732,10
1733,10
1734,10
1735,10
1736,4
1736,10
1737,4
1737,10
1738,10
1739,4
1739,10
1740,11
1741,11
1742,10
1743,11
1744,10
1745,10
1746,4
1746,10
1747,10
1748,10
1749,10
1750,11
1751,10
1752,10
1753,10
1754,10
1755,10
1756,10
1757,10
1758,10
1759,4
1759,10
1760,4
1760,10
1761,4
1761,10
1762,4
1762,10
1763,4
1763,10
1764,4
1764,10
1765,4
1765,10
1766,4
1766,10
1767,2
1767,4
1767,10
1768,2
1768,6
1768,10
1769,2
1769,6
1769,10
1770,2
1770,10
1770,16
1771,2
1771,10
1771,16
1772,2
1772,10
1772,16
1773,2
1773,10
1773,16
1774,2
1774,10
1774,16
1775,2
1775,10
1775,16
1776,4
1776,6
1776,10
1777,4
1777,6
1777,10
1778,4
1778,6
1778,10
1779,4
1779,6
1779,10
1780,2
1780,10
1780,16
1781,2
1781,10
1781,31
1782,2
1782,10
1782,16
1783,2
1783,11
1783,31
1784,11
1785,4
1785,10
1786,4
1786,10
1787,4
1787,10
1788,4
1788,10
1789,4
1789,10
1790,4
1790,10
1791,4
1791,10
1792,4
1792,10
1793,4
1793,10
1794,4
1794,17
1795,4
1795,10
1796,4
1796,10
1797,4
1797,10
1798,4
1798,10
1799,4
1799,10
1800,10
1801,4
1801,10
1802,4
1802,10
1803,4
1803,10
1804,4
1804,10
1805,4
1805,6
1805,11
1806,4
1806,10
1807,4
1807,10
1808,11
1809,11
1810,11
1811,11
1812,11
1813,11
1814,11
1815,11
1816,11
1817,11
1818,11
1819,4
1819,10
1819,11
1820,2
1820,4
1820,10
1821,2
1821,4
1821,10
1822,2
1822,4
1822,10
1823,2
1823,4
1823,10
1824,2
1824,4
1824,10
1825,11
1826,2
1826,4
1826,10
1827,2
1827,4
1827,10
1828,2
1828,4
1828,10
1829,2
1829,4
1829,10
1830,2
1830,4
1830,10
1831,2
1831,4
1831,10
1832,2
1832,4
1832,10
1833,2
1833,4
1833,10
1834,2
1834,4
1834,10
1835,2
1835,4
1835,10
1836,4
1836,6
1836,11
1837,4
1837,6
1837,11
1838,2
1838,4
1838,10
1839,2
1839,10
1839,16
1840,2
1840,10
1843,2
1843,10
1845,2
1845,10
1846,11
1847,11
1848,11
1849,11
1850,11
1851,11
1852,11
1853,11
1855,11
1856,11
1857,11
1858,11
1859,11
1860,11
1861,11
1863,11
1864,11
1865,11
1866,2
1866,10
1866,11
1867,2
1867,10
1867,11
1868,2
1868,10
1868,11
1869,2
1869,10
1869,11
1871,2
1871,10
1872,2
1872,10
1873,2
1873,10
1873,11
1874,2
1874,10
1874,11
1880,4
1880,15
1880,17
1884,2
1884,4
1884,13
1885,2
1885,15
1886,15
1887,2
1887,13
1887,15
1888,4
1888,10
1889,4
1889,10
1890,11
1891,11
1892,4
1892,10
1893,11
1894,11
1895,5
1895,6
1895,13
1896,11
1897,11
1898,5
1898,10
1899,11
1900,4
1900,10
1900,11
1901,4
1901,10
1902,2
1902,4
1902,9
1903,2
1903,4
1903,9
1904,2
1904,9
1904,13
1905,4
1905,9
1905,13
1906,2
1906,4
1906,9
1907,2
1907,9
1907,13
1908,2
1908,9
1908,10
1911,2
1911,9
1911,13
1912,13
1912,15
1913,2
1913,4
1913,9
1914,2
1914,9
1915,2
1915,4
1915,9
1916,2
1916,4
1916,9
1917,2
1917,4
1917,9
1918,2
1918,9
1918,13
1919,2
1919,4
1919,9
1920,2
1920,9
1920,13
1921,2
1921,9
1921,13
1922,5
1922,6
1922,10
1923,2
1923,4
1923,9
1924,2
1924,4
1924,9
1925,4
1925,10
1926,4
1926,10
1927,4
1927,10
1928,4
1928,10
1929,4
1929,10
1930,4
1930,10
1931,4
1931,10
1932,4
1932,10
1933,4
1933,10
1934,4
1934,10
1935,4
1935,10
1936,4
1936,10
1937,4
1937,10
1937,17
1938,4
1938,10
1938,17
1939,4
1939,10
1939,17
1940,2
1940,4
1940,15
1941,2
1941,9
1941,13
1942,2
1942,4
1942,15
1943,2
1943,4
1943,15
1944,2
1944,4
1944,17
1945,2
1945,4
1945,13
1946,2
1946,4
1946,15
1949,15
1950,15
1951,4
1951,13
1951,15
1952,4
1952,13
1952,15
1953,4
1953,13
1953,15
1954,4
1954,13
1954,15
1955,4
1955,13
1955,15
1956,4
1956,13
1956,15
1958,2
1958,13
1958,15
1959,13
1959,15
1960,4
1960,13
1960,15
1961,4
1961,13
1961,15
1962,4
1962,13
1962,15
1963,4
1963,13
1963,15
1964,4
1964,13
1964,15
1965,4
1965,13
1965,15
1967,4
1967,13
1967,15
1969,4
1969,13
1969,15
1970,4
1970,13
1970,15
1971,4
1971,13
1971,15
1972,4
1972,13
1972,15
1973,4
1973,13
1973,15
1975,4
1975,13
1975,15
1976,4
1976,13
1976,15
1977,4
1977,13
1977,15
1978,4
1978,13
1978,15
1979,4
1979,13
1979,15
1980,2
1980,4
1980,9
1981,2
1981,4
1981,9
1982,2
1982,9
1983,4
1983,13
1983,15
1984,4
1984,13
1984,15
1986,13
1986,14
1987,4
1987,13
1987,15
1988,4
1988,13
1988,15
1989,4
1989,13
1989,15
1990,4
1990,13
1990,15
1991,13
1991,15
1992,4
1992,13
1992,15
1993,13
1993,14
1994,13
1994,15
1995,2
1995,13
1995,15
1996,2
1996,13
1996,15
1997,2
1997,4
1997,13
1998,2
1998,13
1998,15
1999,2
1999,13
1999,15
2000,2
2000,13
2000,15
2001,2
2001,13
2001,15
2002,2
2002,13
2002,15
2003,2
2003,13
2003,15
2008,2
2008,4
2008,9
2009,2
2009,4
2009,9
2010,2
2010,9
2010,15
2011,2
2011,9
2015,11
2016,11
2017,11
2018,11
2019,11
2020,2
2020,9
2020,10
2021,2
2021,9
2021,10
2022,11
2023,11
2024,11
2025,11
2026,11
2027,11
2028,11
2029,11
2030,11
2031,11
2032,11
2033,11
2034,11
2035,11
2036,11
2037,11
2038,11
2039,11
2040,11
2041,2
2041,9
2041,14
2044,2
2044,10
2044,11
2045,3
2046,2
2046,4
2046,9
2047,2
2047,9
2047,15
2048,2
2048,9
2049,2
2049,4
2049,9
2050,2
2050,9
2051,2
2051,9
2051,10
2052,2
2052,9
2052,10
2053,2
2053,9
2053,10
2054,2
2054,9
2054,10
2055,2
2055,9
2055,10
2056,2
2056,9
2056,10
2057,2
2057,10
2057,13
2058,2
2058,10
2058,13
2059,2
2059,9
2059,10
2060,2
2060,4
2060,9
2061,2
2061,4
2061,9
2062,2
2062,4
2062,9
2063,2
2063,4
2063,9
2064,10
2064,15
2065,9
2065,10
2065,15
2066,2
2066,10
2066,13
2067,2
2067,10
2067,13
2068,2
2068,10
2068,13
2070,2
2070,10
2070,13
2071,2
2071,10
2071,13
2072,2
2072,10
2072,13
2073,2
2073,10
2073,13
2074,2
2074,10
2074,13
2075,2
2075,10
2075,13
2076,2
2076,10
2076,13
2077,2
2077,10
2077,15
2078,2
2078,10
2078,13
2079,2
2079,10
2079,13
2080,2
2080,10
2080,15
2081,2
2081,10
2081,13
2082,2
2082,10
2082,13
2083,2
2083,10
2083,13
2084,2
2084,10
2084,13
2085,2
2085,10
2085,13
2086,2
2086,10
2086,13
2087,2
2087,10
2087,13
2088,2
2088,10
2088,13
2090,2
2090,10
2090,13
2091,2
2091,10
2091,13
2092,2
2092,10
2092,13
2093,2
2093,10
2093,13
2094,2
2094,10
2094,13
2095,2
2095,10
2095,13
2096,2
2096,13
2097,2
2097,10
2097,13
2098,2
2098,4
2098,9
2099,2
2099,10
2099,13
2100,2
2100,4
2100,9
2101,2
2101,4
2101,9
2102,2
2102,4
2102,9
2103,2
2103,4
2103,9
2104,2
2104,4
2104,9
2105,2
2105,4
2105,9
2106,2
2106,4
2106,9
2107,2
2107,9
2108,11
2109,10
2109,13
2109,19
2110,10
2110,13
2110,19
2111,11
2112,11
2113,11
2114,11
2115,2
2115,10
2115,15
2116,2
2116,10
2116,15
2117,2
2117,11
2117,15
2120,7
2120,11
2120,14
2121,7
2121,11
2121,14
2122,7
2122,11
2122,14
2123,7
2123,11
2123,14
2125,7
2125,11
2125,12
2128,7
2128,11
2128,14
2131,7
2131,12
2131,15
2132,7
2132,11
2132,14
2133,7
2133,11
2133,14
2134,7
2134,11
2134,14
2135,7
2135,11
2135,14
2136,7
2136,11
2136,14
2137,7
2137,11
2137,14
2138,7
2138,11
2138,14
2139,7
2139,11
2139,14
2140,7
2140,11
2140,14
2141,7
2141,11
2141,14
2142,7
2142,10
2142,14
2143,7
2143,11
2143,14
2144,7
2144,10
2144,11
2145,7
2145,10
2145,15
2146,7
2146,11
2146,14
2147,7
2147,11
2147,14
2148,7
2148,11
2148,14
2149,7
2149,11
2149,14
2151,7
2151,11
2151,14
2152,7
2152,11
2152,14
2153,7
2153,11
2153,14
2154,7
2154,11
2154,14
2155,7
2155,11
2155,14
2156,7
2156,11
2156,14
2158,7
2158,11
2158,14
2159,7
2159,11
2159,14
2160,7
2160,11
2160,14
2161,7
2161,11
2161,14
2162,7
2162,11
2162,14
2163,7
2163,11
2163,14
2164,7
2164,11
2164,14
2166,7
2166,11
2166,14
2167,7
2167,11
2167,14
2168,7
2168,11
2168,14
2169,7
2169,11
2169,14
2170,7
2170,11
2170,14
2171,7
2171,11
2171,14
2172,7
2172,11
2172,14
2173,7
2173,11
2173,14
2174,7
2174,11
2174,14
2175,7
2175,11
2175,14
2176,11
2177,11
2178,11
2179,11
2180,3
2180,11
2181,11
2182,11
2183,11
2184,11
2185,11
2186,11
2187,11
2189,3
2189,4
2189,10
2190,11
2191,11
2192,11
2193,7
2193,11
2193,14
2194,7
2194,11
2194,14
2195,7
2195,11
2195,14
2196,15
2198,7
2198,11
2198,14
2199,7
2199,11
2199,14
2200,7
2200,11
2200,14
2202,7
2202,11
2202,12
2203,7
2203,11
2203,14
2204,7
2204,11
2204,14
2205,7
2205,11
2205,14
2206,7
2206,11
2206,14
2207,7
2207,11
2207,14
2208,7
2208,11
2208,14
2209,7
2209,11
2209,14
2210,7
2210,11
2210,14
2211,7
2211,11
2211,14
2212,7
2212,11
2212,14
2213,7
2213,11
2213,14
2214,4
2214,7
2214,14
2215,4
2215,7
2215,14
2216,4
2216,7
2216,14
2217,4
2217,7
2217,14
2218,4
2218,7
2218,14
2219,4
2219,7
2219,14
2220,4
2220,7
2220,14
2221,4
2221,7
2221,14
2222,4
2222,7
2222,14
2223,4
2223,7
2223,14
2224,4
2224,7
2224,14
2225,4
2225,7
2225,14
2226,4
2226,7
2226,14
2227,7
2227,11
2227,14
2228,7
2228,11
2228,14
2229,7
2229,11
2229,14
2231,7
2231,11
2231,14
2234,7
2234,11
2234,14
2235,7
2235,11
2235,14
2236,7
2236,11
2236,14
2237,7
2237,11
2237,14
2244,4
2244,10
2244,17
2245,4
2245,10
2245,17
2246,11
2247,11
2248,11
2249,11
2250,11
2251,11
2252,11
2253,11
2254,11
2255,11
2256,11
2257,11
2258,11
2259,11
2260,11
2261,11
2263,11
2264,11
2265,11
2266,4
2266,11
2267,4
2267,11
2268,11
2269,11
2270,4
2270,11
2271,11
2272,11
2273,11
2274,11
2275,11
2276,11
2277,11
2278,11
2279,11
2280,11
2281,11
2282,11
2283,11
2284,11
2285,11
2286,11
2287,10
2288,11
2289,11
2290,11
2291,4
2291,10
2292,4
2292,10
2293,11
2294,11
2295,11
2296,11
2297,11
2298,11
2299,11
2300,11
2301,11
2302,11
2303,11
2304,11
2305,10
2306,11
2307,11
2308,11
2309,11
2310,10
2311,10
2312,10
2313,10
2314,10
2315,11
2316,11
2317,11
2318,11
2319,11
2320,11
2321,4
2321,10
2322,4
2322,10
2323,4
2323,10
2324,4
2324,10
2325,4
2325,10
2326,4
2326,10
2327,4
2327,10
2327,17
2328,4
2328,10
2328,17
2329,4
2329,10
2330,4
2330,10
2331,4
2331,10
2331,17
2332,4
2332,10
2333,4
2333,10
2334,4
2334,10
2335,4
2335,10
2336,4
2336,10
2337,4
2337,10
2338,4
2338,10
2339,4
2339,10
2340,4
2340,16
2340,17
2342,11
2343,11
2344,4
2344,6
2344,11
2345,2
2345,10
2345,16
2346,2
2346,10
2346,16
2347,2
2347,4
2347,9
2348,2
2348,4
2348,9
2349,2
2349,4
2349,17
2350,4
2350,10
2350,16
2351,4
2351,10
2351,16
2352,4
2352,10
2352,16
2353,4
2353,10
2353,16
2354,4
2354,10
2354,16
2356,4
2356,10
2356,16
2357,4
2357,10
2357,16
2358,4
2358,10
2358,16
2359,4
2359,10
2359,16
2360,4
2360,10
2360,16
2361,4
2361,10
2361,16
2362,4
2362,10
2362,16
2363,4
2363,10
2363,16
2364,4
2364,10
2364,16
2365,4
2365,10
2365,16
2366,4
2366,10
2366,16
2368,4
2368,10
2368,16
2369,4
2369,10
2369,16
2370,4
2370,10
2370,16
2371,4
2371,10
2371,16
2372,4
2372,10
2373,4
2373,10
2373,16
2374,4
2374,10
2375,4
2375,10
2376,4
2376,10
2377,4
2377,10
2378,4
2378,10
2379,4
2379,10
2380,4
2380,10
2381,4
2381,10
2382,4
2382,6
2382,11
2383,4
2383,10
2384,4
2384,10
2384,16
2385,2
2385,4
2385,9
2386,2
2386,4
2386,9
2387,2
2387,4
2387,9
2388,4
2388,16
2388,17
2389,4
2389,16
2389,17
2390,4
2390,16
2390,17
2391,4
2391,16
2391,17
2392,4
2392,16
2392,17
2393,4
2393,16
2393,17
2394,4
2394,16
2394,17
2395,4
2395,16
2395,17
2396,4
2396,16
2396,17
2397,4
2397,16
2397,17
2399,4
2399,16
2399,17
2400,4
2400,16
2400,17
2401,4
2401,16
2401,17
2402,4
2402,16
2402,17
2404,4
2404,16
2404,17
2405,4
2405,16
2405,17
2406,4
2406,16
2406,17
2407,4
2407,16
2407,17
2408,4
2408,10
2408,16
2409,4
2409,17
2410,4
2410,17
2411,4
2411,17
2412,4
2412,10
2412,17
2413,4
2413,10
2413,17
2414,4
2414,10
2414,17
2415,4
2415,10
2415,17
2416,4
2416,10
2416,17
2417,4
2417,10
2417,17
2418,4
2418,10
2418,17
2419,4
2419,10
2419,17
2420,4
2420,10
2420,17
2422,4
2422,17
2423,4
2423,10
2423,17
2424,4
2424,10
2424,17
2425,4
2425,10
2425,17
2426,4
2426,10
2426,17
2427,4
2427,10
2427,17
2428,4
2428,10
2428,17
2429,4
2429,10
2429,17
2430,4
2430,10
2430,17
2431,4
2431,17
2432,4
2432,17
2434,4
2434,17
2435,2
2435,4
2435,9
2436,2
2436,4
2436,9
2438,2
2438,4
2438,9
2439,2
2439,4
2439,9
2440,2
2440,4
2440,9
2441,2
2441,4
2441,9
2442,2
2442,4
2442,9
2443,2
2443,4
2443,9
2444,2
2444,4
2444,9
2445,2
2445,4
2445,9
2446,2
2446,4
2446,9
2447,2
2447,4
2447,9
2448,2
2448,4
2448,9
2449,2
2449,4
2449,9
2450,2
2450,4
2450,9
2451,2
2451,4
2451,9
2457,4
2457,17
2458,9
2458,10
2458,14
2459,9
2459,10
2459,14
2460,9
2460,10
2461,9
2461,10
2461,17
2462,4
2462,10
2462,17
2463,9
2463,10
2464,9
2464,10
2465,9
2465,10
2465,14
2467,6
2467,9
2467,10
2468,2
2468,9
2468,10
2469,6
2469,9
2469,10
2470,6
2470,9
2470,10
2472,9
2472,10
2473,9
2473,10
2474,9
2474,10
2474,14
2475,6
2475,9
2475,10
2476,9
2476,10
2476,17
2477,9
2477,10
2477,17
2478,4
2478,9
2478,10
2479,4
2479,9
2479,10
2480,4
2480,9
2480,10
2481,9
2481,10
2482,9
2482,10
2483,9
2483,10
2484,9
2484,10
2484,14
2485,9
2485,10
2485,14
2486,9
2486,10
2487,9
2487,10
2488,9
2488,10
2488,14
2490,9
2490,10
2491,9
2491,10
2491,14
2492,9
2492,10
2492,14
2493,9
2493,10
2493,14
2494,9
2494,10
2494,17
2495,9
2495,10
2495,14
2496,9
2496,10
2496,14
2497,9
2497,10
2497,14
2498,9
2498,10
2498,14
2499,9
2499,10
2500,9
2500,10
2501,9
2501,10
2503,9
2503,10
2504,9
2504,10
2505,1
2505,4
2505,17
2506,4
2506,17
2507,4
2507,17
2508,4
2508,17
2511,4
2511,17
2512,4
2512,17
2513,4
2513,17
2515,2
2515,4
2515,17
2516,4
2516,17
2517,2
2517,4
2517,17
2518,4
2518,17
2519,4
2519,17
2520,4
2520,17
2522,4
2522,17
2523,4
2523,17
2524,4
2524,17
2525,4
2525,17
2526,4
2526,17
2527,4
2527,17
2528,4
2528,17
2529,4
2529,17
2530,4
2530,10
2530,17
2531,4
2531,10
2531,17
2533,4
2533,10
2533,17
2535,4
2535,10
2535,16
2536,4
2536,10
2536,16
2537,4
2537,10
2537,16
2538,4
2538,10
2538,16
2539,4
2539,10
2539,16
2540,4
2540,10
2540,16
2541,4
2541,10
2541,16
2542,4
2542,10
2542,16
2544,4
2544,10
2544,16
2545,4
2545,10
2545,16
2547,4
2547,6
2547,9
2548,4
2548,10
2548,16
2549,4
2549,10
2549,16
2550,4
2550,10
2550,16
2551,4
2551,10
2551,16
2554,4
2554,10
2554,16
2555,4
2555,10
2555,16
2556,4
2556,10
2556,16
2557,4
2557,10
2557,16
2560,4
2560,10
2560,16
2561,4
2561,10
2561,16
2562,4
2562,10
2562,16
2563,4
2563,10
2563,16
2564,4
2564,10
2564,16
2567,4
2567,10
2567,16
2569,4
2569,10
2569,16
2570,4
2570,10
2570,16
2571,4
2571,10
2571,16
2572,4
2572,10
2572,16
2573,4
2573,10
2573,16
2574,4
2574,10
2574,16
2575,4
2575,6
2575,10
2576,4
2576,10
2576,16
2577,4
2577,10
2577,16
2578,4
2578,10
2578,16
2579,4
2579,10
2579,16
2580,4
2580,10
2580,16
2583,4
2583,16
2583,17
2584,4
2584,10
2584,16
2585,4
2585,10
2585,16
2586,4
2586,10
2586,16
2587,10
2588,4
2588,10
2588,16
2589,4
2589,10
2589,16
2590,4
2590,10
2590,16
2591,4
2591,10
2591,16
2593,4
2593,10
2593,16
2594,4
2594,10
2594,16
2595,4
2595,10
2595,16
2596,4
2596,16
2596,17
2597,4
2597,16
2597,17
2598,4
2598,16
2598,17
2599,4
2599,16
2599,17
2600,4
2600,16
2600,17
2601,4
2601,16
2601,17
2602,4
2602,16
2602,17
2603,4
2603,10
2603,16
2604,4
2604,10
2604,16
2605,4
2605,10
2605,16
2606,4
2606,10
2606,16
2607,4
2607,10
2607,16
2608,4
2608,10
2608,16
2609,4
2609,10
2609,16
2610,4
2610,10
2610,16
2611,4
2611,10
2611,16
2612,4
2612,10
2612,16
2613,4
2613,10
2613,16
2614,4
2614,10
2614,16
2615,4
2615,10
2615,16
2616,4
2616,10
2616,16
2617,4
2617,10
2617,16
2618,4
2618,10
2618,16
2619,4
2619,10
2619,16
2620,4
2620,10
2620,16
2621,4
2621,10
2621,16
2622,4
2622,10
2622,16
2625,4
2625,16
2625,17
2628,4
2628,10
2628,16
2630,4
2630,6
2630,10
2631,4
2631,10
2631,16
2632,4
2632,10
2632,16
2634,4
2634,10
2634,16
2635,4
2635,10
2635,16
2636,4
2636,10
2636,16
2637,4
2637,10
2637,16
2638,4
2638,10
2638,16
2639,4
2639,10
2639,16
2640,4
2640,6
2640,10
2641,4
2641,10
2641,16
2642,4
2642,6
2642,10
2643,4
2643,10
2643,16
2644,4
2644,10
2644,16
2645,4
2645,10
2645,16
2646,4
2646,10
2646,16
2647,4
2647,10
2647,16
2648,4
2648,10
2648,16
2649,4
2649,10
2649,16
2650,4
2650,10
2650,16
2651,4
2651,10
2651,16
2652,4
2652,10
2652,16
2653,4
2653,10
2653,16
2654,4
2654,10
2654,16
2655,4
2655,10
2655,16
2657,4
2657,10
2657,16
2658,4
2658,10
2658,16
2659,4
2659,10
2659,16
2660,4
2660,10
2660,16
2661,4
2661,6
2661,10
2662,4
2662,10
2662,16
2664,4
2664,10
2664,16
2669,4
2669,10
2669,16
2673,4
2673,10
2673,16
2674,4
2674,10
2674,16
2679,4
2679,10
2679,16
2680,4
2680,10
2680,16
2681,4
2681,10
2681,16
2682,4
2682,10
2682,16
2683,4
2683,10
2683,16
2684,4
2684,10
2684,16
2685,4
2685,10
2685,16
2686,4
2686,10
2686,16
2687,4
2687,10
2687,16
2688,4
2688,10
2688,16
2690,4
2690,10
2690,16
2692,4
2692,10
2692,16
2693,4
2693,10
2693,16
2694,4
2694,10
2694,16
2696,4
2696,10
2696,16
2697,4
2697,10
2697,16
2698,4
2698,10
2698,16
2699,4
2699,10
2699,16
2700,4
2700,10
2700,16
2701,4
2701,10
2701,16
2702,4
2702,10
2702,16
2703,4
2703,10
2703,16
2704,4
2704,16
2704,17
2705,4
2705,16
2705,17
2706,4
2706,16
2706,17
2707,4
2707,10
2707,17
2708,4
2708,16
2708,17
2709,4
2709,16
2709,17
2711,4
2711,16
2711,17
2712,4
2712,16
2712,17
2713,4
2713,10
2713,16
2714,4
2714,10
2714,16
2715,4
2715,16
2715,17
2716,4
2716,10
2716,16
2717,4
2717,10
2717,16
2718,4
2718,10
2718,16
2719,4
2719,10
2719,16
2723,6
2723,11
2723,14
2726,7
2726,11
2726,14
2727,7
2727,11
2727,14
2728,7
2728,11
2728,14
2729,7
2729,11
2729,14
2730,7
2730,11
2730,14
2732,7
2732,11
2732,14
2735,7
2735,11
2735,14
2738,7
2738,11
2738,14
2739,7
2739,11
2739,14
2740,7
2740,11
2740,14
2741,7
2741,11
2741,14
2742,7
2742,11
2742,14
2743,7
2743,11
2743,14
2744,7
2744,11
2744,14
2745,7
2745,11
2745,14
2747,7
2747,11
2747,14
2749,7
2749,11
2749,14
2750,7
2750,11
2750,14
2751,7
2751,11
2751,14
2752,7
2752,11
2752,14
2753,7
2753,11
2753,14
2754,7
2754,11
2754,14
2755,7
2755,11
2755,14
2757,7
2757,11
2757,14
2758,7
2758,11
2758,14
2759,7
2759,11
2759,14
2760,7
2760,11
2760,14
2761,7
2761,11
2761,14
2763,7
2763,11
2763,14
2764,7
2764,11
2764,14
2765,7
2765,11
2765,14
2766,7
2766,11
2766,14
2768,7
2768,11
2768,14
2769,7
2769,11
2769,14
2771,11
2771,14
2772,7
2772,11
2772,14
2773,7
2773,14
2774,11
2774,14
2775,7
2775,11
2775,14
2776,7
2776,11
2776,14
2777,7
2777,11
2777,14
2778,7
2778,11
2778,14
2779,7
2779,11
2779,14
2780,7
2780,11
2780,14
2781,7
2781,11
2781,14
2782,7
2782,11
2782,14
2783,7
2783,11
2783,14
2784,7
2784,11
2784,14
2785,7
2785,11
2785,14
2786,7
2786,11
2786,14
2787,7
2787,11
2787,14
2788,7
2788,11
2788,14
2789,7
2789,11
2789,14
2790,11
2791,11
2792,11
2793,7
2793,11
2793,14
2794,7
2794,11
2794,14
2795,7
2795,11
2795,14
2796,7
2796,11
2796,14
2797,7
2797,11
2797,14
2798,7
2798,11
2798,14
2799,7
2799,11
2799,14
2800,7
2800,11
2800,14
2801,7
2801,11
2801,14
2802,7
2802,11
2802,14
2803,7
2803,11
2803,14
2804,7
2804,11
2804,14
2805,7
2805,11
2805,14
2806,7
2806,11
2806,14
2807,7
2807,11
2807,14
2808,7
2808,11
2808,14
2809,7
2809,11
2809,14
2810,7
2810,11
2810,14
2811,7
2811,11
2811,14
2812,7
2812,11
2812,14
2813,7
2813,11
2814,7
2814,11
2815,7
2815,11
2816,7
2816,11
2817,7
2817,11
2818,7
2818,11
2819,7
2819,11
2819,14
2822,7
2822,11
2822,14
2824,7
2824,11
2824,14
2825,7
2825,11
2825,14
2826,7
2826,11
2826,14
2827,7
2827,11
2827,14
2828,7
2828,11
2828,14
2829,7
2829,11
2829,14
2830,7
2830,11
2830,14
2832,7
2832,11
2832,14
2833,7
2833,11
2833,14
2834,7
2834,11
2834,14
2835,7
2835,11
2835,14
2836,7
2836,11
2836,14
2837,7
2837,11
2837,14
2838,7
2838,11
2838,14
2840,7
2840,10
2840,11
2841,7
2841,10
2841,11
2842,7
2842,10
2842,11
2843,7
2843,10
2843,11
2844,7
2844,10
2844,11
2845,7
2845,10
2845,11
2846,7
2846,10
2846,11
2847,7
2847,10
2847,11
2848,7
2848,10
2848,11
2849,7
2849,11
2849,14
2850,7
2850,11
2850,14
2851,7
2851,11
2851,14
2853,7
2853,11
2853,14
2854,7
2854,11
2854,14
2855,7
2855,11
2855,14
2856,7
2856,11
2856,14
2857,7
2857,11
2857,14
2858,7
2858,11
2858,14
2859,7
2859,11
2859,14
2861,7
2861,11
2861,14
2862,7
2862,11
2862,14
2863,7
2863,11
2863,14
2864,7
2864,11
2864,14
2865,7
2865,11
2865,14
2866,7
2866,11
2866,14
2867,7
2867,11
2867,14
2868,7
2868,11
2868,14
2869,7
2869,11
2869,14
2870,7
2870,11
2870,14
2871,7
2871,11
2871,14
2872,7
2872,11
2872,14
2873,7
2873,11
2873,14
2874,7
2874,11
2874,14
2875,7
2875,11
2875,14
2876,7
2876,11
2876,14
2877,7
2877,11
2877,14
2878,7
2878,11
2878,14
2879,7
2879,11
2879,14
2880,7
2880,11
2880,14
2881,7
2881,11
2881,14
2882,7
2882,11
2882,14
2883,7
2883,11
2883,14
2884,7
2884,11
2884,14
2885,7
2885,11
2885,14
2886,7
2886,11
2887,7
2887,11
2888,7
2888,11
2889,7
2889,10
2889,11
2890,7
2890,10
2890,11
2891,7
2891,10
2891,11
2892,7
2892,10
2892,11
2893,7
2893,10
2893,11
2894,7
2894,11
2895,7
2895,11
2896,7
2896,11
2897,7
2897,11
2898,7
2898,11
2899,7
2899,11
2900,7
2900,11
2901,7
2901,11
2902,7
2902,11
2903,7
2903,11
2904,7
2904,10
2905,7
2905,10
2906,7
2906,11
2910,7
2910,11
2910,14
2911,7
2911,11
2911,14
2912,7
2912,11
2913,11
2915,11
2916,11
2917,11
2918,11
2919,11
2925,11
2926,11
2927,11
2928,11
2929,11
2930,11
2931,11
2932,11
2933,11
2934,11
2935,11
2936,11
2937,11
2938,11
2943,11
2944,11
2945,9
2945,11
2946,9
2946,11
2947,11
2948,11
2949,11
2950,5
2950,6
2950,10
2951,11
2952,11
2953,11
2954,11
2955,11
2956,11
2957,11
2958,11
2959,11
2960,11
2961,11
2962,11
2963,4
2963,10
2968,4
2968,10
2969,4
2969,10
2970,4
2970,10
2971,4
2971,10
2972,4
2972,10
2973,4
2973,10
2974,4
2974,10
2975,4
2975,10
2976,4
2976,10
2977,4
2977,10
2978,4
2978,10
2979,4
2979,10
2980,4
2980,10
2981,4
2981,10
2982,4
2982,10
2983,4
2983,10
2984,4
2984,10
2985,4
2985,10
2986,4
2986,10
2987,4
2987,10
2988,4
2988,10
2989,4
2989,10
2990,4
2990,10
2991,4
2991,10
2992,4
2992,10
2993,4
2993,10
2994,3
2995,3
2995,4
2995,10
2996,4
2996,10
2997,4
2997,10
2998,4
2998,10
2999,4
2999,10
3000,4
3000,10
3001,4
3001,10
3002,4
3002,10
3003,4
3003,10
3004,4
3004,10
3005,4
3005,10
3006,4
3006,10
3007,4
3007,10
3008,4
3008,10
3009,4
3009,10
3010,4
3010,10
3011,4
3011,10
3012,4
3012,10
3013,4
3013,10
3014,4
3014,10
3015,4
3015,10
3016,4
3016,10
3017,4
3017,10
3018,4
3018,10
3019,4
3019,10
3020,4
3020,10
3021,4
3021,10
3022,4
3022,10
3023,4
3023,10
3024,4
3024,10
3025,4
3025,10
3026,4
3026,10
3027,4
3027,10
3028,4
3028,10
3029,4
3029,10
3030,4
3030,10
3031,4
3031,10
3032,4
3032,10
3033,4
3033,10
3034,4
3034,10
3035,4
3035,10
3036,4
3036,10
3037,4
3037,10
3038,4
3038,10
3039,4
3039,10
3040,4
3040,10
3041,4
3041,10
3042,4
3042,10
3043,11
3044,4
3044,17
3045,11
3046,11
3047,11
3048,11
3049,11
3050,11
3051,11
3052,11
3053,11
3054,2
3054,4
3054,6
3055,2
3055,4
3055,6
3056,11
3057,11
3058,11
3059,4
3059,6
3059,9
3060,4
3060,6
3060,9
3061,4
3061,6
3061,9
3062,4
3062,17
3063,6
3063,10
3063,12
3064,6
3064,10
3064,12
3065,6
3065,10
3065,12
3066,6
3066,10
3066,12
3067,11
3068,11
3069,11
3070,11
3071,6
3071,10
3071,12
3072,6
3072,10
3072,12
3073,11
3074,11
3075,11
3076,11
3077,11
3078,11
3079,11
3080,6
3080,10
3081,6
3081,10
3081,12
3082,6
3082,10
3082,12
3083,6
3083,10
3083,12
3084,6
3084,10
3084,12
3085,6
3085,10
3085,12
3086,11
3087,11
3088,9
3088,10
3089,4
3089,17
3090,4
3090,17
3091,4
3091,17
3092,4
3092,17
3093,4
3093,17
3094,4
3094,17
3095,4
3095,17
3096,4
3096,17
3097,4
3097,17
3098,4
3098,17
3099,4
3099,17
3100,4
3100,17
3101,4
3101,17
3102,4
3102,17
3103,4
3103,17
3104,4
3104,17
3105,4
3105,17
3106,4
3106,17
3107,4
3107,17
3108,4
3108,17
3109,4
3109,17
3110,4
3110,17
3111,4
3111,17
3112,4
3112,17
3113,4
3113,17
3114,4
3114,17
3115,4
3115,17
3116,4
3116,17
3117,4
3117,17
3118,4
3118,17
3119,4
3119,17
3120,11
3121,11
3122,11
3123,6
3123,10
3123,12
3124,6
3124,10
3124,12
3125,6
3125,10
3125,12
3126,6
3126,10
3126,12
3127,6
3127,10
3128,6
3128,10
3129,9
3129,11
3130,9
3130,11
3131,9
3131,11
3132,9
3132,11
3133,9
3133,10
3133,11
3134,3
3135,9
3135,11
3136,9
3136,11
3137,9
3137,10
3138,9
3138,10
3139,9
3139,10
3140,9
3140,10
3141,9
3141,10
3142,9
3142,10
3143,9
3143,10
3144,9
3144,10
3145,9
3145,10
3146,9
3146,10
3147,9
3147,10
3148,9
3148,10
3149,9
3149,10
3150,9
3150,10
3151,9
3151,10
3152,9
3152,10
3153,9
3153,10
3154,9
3154,10
3155,9
3155,10
3156,9
3156,10
3157,6
3157,9
3157,10
3158,6
3158,9
3158,10
3159,9
3159,10
3160,9
3160,10
3161,9
3161,10
3162,9
3162,10
3163,9
3163,10
3164,9
3164,10
3165,9
3165,10
3166,9
3166,10
3167,9
3167,10
3168,6
3168,10
3169,6
3169,10
3170,6
3170,10
3171,6
3171,10
3172,11
3173,11
3174,11
3175,11
3176,11
3177,11
3178,11
3179,11
3180,11
3181,11
3182,11
3183,11
3184,11
3185,11
3186,11
3187,11
3188,11
3189,11
3190,11
3191,11
3192,11
3193,11
3194,11
3195,4
3195,6
3196,4
3196,6
3197,4
3197,6
3197,11
3198,11
3199,4
3199,6
3199,10
3200,11
3201,4
3201,6
3201,10
3202,4
3202,6
3202,10
3203,4
3203,6
3203,10
3204,4
3204,6
3204,10
3205,4
3205,6
3205,10
3206,4
3206,6
3206,10
3207,7
3207,11
3208,7
3208,11
3209,7
3209,11
3210,7
3210,11
3211,7
3211,11
3212,7
3212,11
3213,7
3213,11
3214,7
3214,11
3215,7
3215,11
3216,4
3216,11
3217,7
3217,11
3218,7
3218,11
3219,7
3219,11
3220,7
3220,11
3221,4
3221,11
3222,7
3222,11
3223,7
3223,11
3224,7
3224,11
3225,7
3225,11
3226,7
3226,11
3227,7
3227,11
3228,7
3228,11
3229,7
3229,11
3230,7
3230,11
3231,7
3231,11
3234,7
3234,11
3235,7
3235,11
3236,7
3236,11
3237,7
3237,11
3238,7
3238,11
3239,7
3239,11
3240,7
3240,11
3241,7
3241,11
3242,7
3242,11
3243,7
3243,11
3244,7
3244,11
3245,7
3245,11
3246,7
3246,11
3247,7
3247,11
3248,7
3248,11
3249,7
3249,11
3250,7
3250,11
3251,7
3251,11
3252,7
3252,11
3253,7
3253,11
3254,7
3254,11
3255,7
3255,11
3256,7
3256,11
3257,7
3257,11
3258,4
3258,11
3259,7
3259,11
3260,6
3260,11
3261,7
3261,11
3262,7
3262,11
3263,7
3263,11
3264,7
3264,11
3265,7
3265,11
3266,7
3266,11
3267,11
3268,3
3269,3
3270,4
3271,4
3272,4
3273,4
3274,4
3275,4
3276,4
3277,4
3278,4
3279,4
3280,4
3281,4
3283,4
3283,6
3283,11
3284,4
3285,4
3286,4
3287,4
3288,4
3289,4
3289,6
3289,11
3290,4
3290,6
3290,10
3291,2
3291,4
3291,10
3292,4
3292,6
3292,10
3293,4
3293,6
3293,10
3294,4
3294,6
3294,10
3295,4
3295,6
3295,11
3296,4
3296,6
3296,11
3297,4
3297,6
3297,11
3298,4
3298,6
3298,11
3299,4
3299,6
3299,11
3300,4
3300,6
3300,11
3301,4
3301,6
3301,10
3302,3
3302,4
3302,6
3303,3
3303,4
3303,6
3304,4
3304,6
3305,4
3305,6
3305,11
3306,4
3306,11
3307,11
3308,11
3309,11
3310,4
3310,6
3310,10
3311,11
3312,11
3313,4
3313,6
3313,10
3314,11
3315,4
3315,6
3315,10
3316,4
3316,6
3316,10
3317,4
3317,6
3317,11
3318,11
3319,11
3320,11
3321,4
3321,6
3322,4
3322,6
3323,11
3324,4
3324,6
3324,10
3325,11
3326,4
3326,6
3326,10
3327,4
3327,6
3327,10
3328,4
3328,6
3328,10
3329,11
3330,11
3331,4
3331,6
3331,11
3332,4
3332,6
3332,10
3333,4
3333,6
3333,11
3334,4
3334,6
3335,4
3335,10
3336,4
3336,10
3337,4
3337,10
3338,4
3338,6
3338,11
3339,4
3339,6
3339,11
3340,4
3340,10
3341,4
3341,10
3342,4
3342,10
3343,4
3343,10
3344,4
3344,10
3345,4
3345,10
3346,4
3346,10
3347,4
3347,10
3348,4
3348,10
3349,4
3349,10
3350,4
3350,10
3351,4
3351,10
3352,4
3352,10
3353,4
3353,10
3354,11
3355,11
3356,11
3357,11
3358,11
3359,11
3360,11
3361,4
3361,10
3362,4
3362,10
3363,4
3363,17
3364,4
3364,10
3365,4
3365,10
3366,4
3366,17
3367,4
3367,17
3368,4
3368,17
3369,4
3369,17
3370,4
3370,17
3371,4
3371,17
3372,4
3372,17
3373,4
3373,17
3374,4
3374,10
3375,4
3375,10
3375,17
3376,4
3376,17
3377,4
3377,17
3378,4
3378,10
3378,17
3379,4
3379,10
3380,4
3380,17
3381,4
3381,10
3382,4
3382,10
3383,4
3383,10
3384,3
3384,4
3384,8
3385,3
3385,4
3385,8
3386,3
3386,4
3386,8
3387,3
3387,4
3387,8
3388,7
3388,11
3389,3
3389,4
3389,8
3390,7
3390,11
3391,7
3391,11
3392,7
3392,11
3393,7
3393,11
3394,7
3394,11
3395,7
3395,11
3396,7
3396,11
3397,7
3397,11
3398,7
3398,11
3399,7
3399,11
3400,7
3400,11
3401,7
3401,11
3402,7
3402,11
3403,7
3403,11
3404,7
3404,11
3405,7
3405,11
3406,7
3406,11
3407,7
3407,11
3408,7
3408,11
3409,7
3409,11
3410,7
3410,11
3411,7
3411,11
3412,7
3412,11
3413,7
3413,11
3414,7
3414,11
3415,7
3415,11
3416,7
3416,11
3417,7
3417,11
3418,7
3418,11
3419,7
3419,11
3420,7
3420,11
3421,6
3421,9
3421,10
3422,7
3422,11
3423,6
3423,9
3423,10
3424,4
3424,7
3424,11
3425,4
3425,7
3425,11
3426,4
3427,4
3428,3
3428,4
3428,8
3429,9
3429,10
3430,9
3430,10
3431,9
3431,10
3432,9
3432,10
3433,9
3433,10
3434,6
3434,9
3434,10
3435,9
3435,10
3436,9
3436,10
3437,9
3437,10
3438,9
3438,10
3439,6
3439,9
3439,10
3440,6
3440,9
3440,10
3441,6
3441,9
3441,10
3442,6
3442,9
3442,10
3443,9
3443,10
3444,6
3444,9
3444,10
3445,6
3445,9
3445,10
3446,6
3446,9
3446,10
3447,6
3447,9
3447,10
3448,6
3448,9
3448,10
3449,6
3449,9
3449,10
3450,6
3450,9
3450,10
3451,6
3451,9
3451,10
3452,6
3452,9
3452,10
3453,6
3453,9
3453,10
3454,6
3454,9
3454,10
3456,6
3456,9
3456,10
3457,6
3457,9
3457,10
3458,6
3458,9
3458,10
3459,9
3459,10
3460,9
3460,10
3461,9
3461,10
3462,9
3462,10
3463,6
3463,9
3463,10
3464,6
3464,9
3464,10
3465,6
3465,9
3465,10
3466,6
3466,9
3466,10
3467,6
3467,9
3467,10
3468,6
3468,9
3468,10
3469,6
3469,9
3469,10
3470,4
3470,10
3471,11
3471,28
3472,11
3473,11
3474,11
3475,11
3476,11
3477,11
3478,11
3479,11
3480,11
3481,11
3482,11
3483,11
3484,11
3485,11
3486,11
3487,11
3488,11
3489,11
3490,11
3491,11
3492,11
3493,11
3494,11
3495,11
3496,11
3497,11
3498,11
3500,4
3500,6
3500,9
3501,4
3501,8
3501,18
3502,7
3502,11
3503,7
3503,11
3504,7
3504,11
3505,7
3505,11
3506,7
3506,11
3507,7
3507,11
3508,7
3508,11
3509,7
3509,11
3510,7
3510,11
3511,7
3511,11
3512,7
3512,11
3513,7
3513,11
3514,7
3514,11
3515,7
3515,11
3516,7
3516,11
3517,7
3517,11
3518,7
3518,11
3519,7
3519,11
3520,7
3520,11
3521,7
3521,11
3522,7
3522,11
3523,7
3523,11
3524,7
3524,11
3525,7
3525,11
3526,4
3526,6
3526,9
3527,4
3527,6
3527,10
3528,4
3528,6
3528,12
3529,4
3529,6
3529,12
3530,11
3531,4
3531,6
3531,12
3532,2
3532,4
3532,10
3533,2
3533,4
3533,11
3534,4
3534,10
3534,11
3535,4
3535,6
3535,12
3536,2
3536,4
3536,10
3537,2
3537,4
3537,11
3538,11
3539,11
3540,4
3540,11
3541,4
3541,6
3541,10
3542,4
3542,6
3542,10
3543,4
3543,6
3543,10
3544,11
3545,4
3545,6
3545,10
3546,11
3547,11
3548,11
3549,11
3550,4
3551,4
3551,11
3552,4
3553,4
3553,6
3553,10
3554,11
3555,11
3556,4
3557,4
3558,11
3559,4
3559,11
3560,4
3560,11
3561,4
3561,11
3562,11
3563,11
3564,11
3565,4
3565,6
3566,11
3567,11
3568,6
3568,10
3568,11
3569,11
3570,4
3570,11
3571,4
3571,6
3571,12
3572,4
3572,6
3572,12
3573,4
3573,6
3573,11
3574,4
3574,11
3575,4
3575,6
3575,11
3576,6
3576,9
3576,12
3577,11
3578,11
3579,11
3580,9
3580,11
3581,11
3583,11
3584,11
3585,11
3586,11
3587,11
3588,11
3589,11
3590,11
3591,11
3592,4
3592,11
3593,9
3593,10
3593,11
3594,1
3594,9
3594,10
3595,11
3596,9
3596,10
3597,11
3598,4
3598,10
3599,11
3600,4
3600,10
3600,11
3601,11
3602,4
3602,7
3602,11
3603,4
3603,10
3603,11
3604,4
3604,10
3604,17
3605,11
3606,11
3607,11
3608,6
3608,9
3608,10
3609,9
3609,10
3610,4
3610,10
3610,17
3611,4
3611,10
3611,17
3612,4
3612,10
3613,4
3613,10
3614,4
3614,10
3614,11
3615,11
3616,4
3616,10
3616,11
3617,11
3618,11
3619,4
3619,11
3620,11
3621,4
3621,11
3622,4
3622,11
3623,4
3623,10
3624,4
3624,10
3625,11
3626,4
3626,10
3627,6
3627,9
3627,10
3628,11
3629,4
3629,10
3630,3
3631,11
3632,4
3632,10
3633,4
3633,10
3634,4
3634,10
3635,4
3635,10
3636,4
3636,10
3637,4
3637,6
3637,12
3638,11
3639,11
3640,11
3641,6
3641,13
3642,4
3642,6
3642,10
3643,11
3644,4
3644,6
3644,11
3645,11
3646,4
3646,6
3646,10
3647,11
3648,11
3649,4
3649,6
3649,12
3650,11
3651,11
3652,11
3653,11
3654,11
3655,4
3655,6
3655,12
3656,4
3656,6
3656,12
3657,10
3657,11
3657,17
3658,10
3658,11
3658,17
3659,10
3659,11
3659,17
3660,4
3660,10
3660,17
3661,11
3662,11
3663,4
3663,10
3663,17
3664,4
3664,10
3664,17
3665,4
3665,10
3665,17
3666,4
3666,10
3666,17
3667,11
3668,10
3669,7
3669,11
3670,11
3671,7
3671,11
3672,7
3672,11
3673,7
3673,11
3674,10
3675,10
3676,9
3677,7
3677,11
3678,7
3678,11
3679,2
3679,4
3679,10
3680,2
3680,4
3680,6
3681,2
3681,4
3681,6
3682,2
3682,4
3682,10
3683,4
3683,10
3683,11
3684,4
3684,6
3684,10
3685,2
3685,4
3685,10
3686,2
3686,4
3686,10
3687,2
3687,4
3687,10
3688,2
3688,4
3688,10
3689,2
3689,4
3689,10
3690,2
3690,4
3690,10
3691,2
3691,4
3691,10
3692,2
3692,4
3692,10
3693,7
3693,10
3693,11
3694,7
3694,11
3695,7
3695,11
3696,7
3696,11
3697,7
3697,11
3698,7
3698,11
3699,7
3699,10
3700,7
3700,11
3701,7
3701,11
3702,7
3702,11
3703,7
3703,11
3704,7
3704,11
3705,7
3705,11
3706,7
3706,11
3707,7
3707,11
3708,7
3708,11
3709,7
3709,11
3710,7
3710,11
3711,7
3711,11
3712,7
3712,11
3713,7
3713,11
3714,7
3714,11
3715,7
3715,11
3716,7
3716,11
3717,7
3717,11
3718,7
3718,11
3719,7
3719,11
3720,7
3720,11
3721,7
3721,11
3722,7
3722,11
3723,7
3723,11
3724,7
3724,11
3725,3
3726,11
3727,11
3728,11
3729,4
3729,11
3730,4
3730,11
3731,3
3731,6
3731,10
3732,3
3732,4
3733,3
3733,4
3734,11
3735,4
3735,11
3736,4
3736,11
3738,3
3738,4
3739,4
3739,11
3740,4
3740,11
3741,3
3741,4
3742,4
3742,11
3743,4
3743,11
3744,4
3744,11
3745,4
3745,11
3746,4
3746,11
3747,4
3748,4
3749,4
3750,4
3750,11
3751,4
3751,11
3752,4
3752,11
3753,4
3753,11
3754,4
3754,11
3755,4
3755,11
3756,4
3756,11
3757,4
3757,11
3758,4
3758,11
3759,11
3760,11
3761,11
3762,11
3763,11
3764,11
3765,11
3766,11
3767,11
3768,11
3769,11
3770,11
3771,11
3772,11
3773,11
3774,11
3775,11
3776,11
3777,11
3778,11
3779,11
3780,11
3781,11
3782,11
3783,11
3784,11
3785,11
3786,11
3787,11
3788,11
3789,11
3790,11
3791,11
3792,11
3793,11
3794,11
3795,11
3796,11
3797,11
3798,11
3799,11
3800,11
3801,11
3802,11
3803,11
3804,11
3805,11
3806,11
3807,11
3808,11
3809,11
3810,11
3811,11
3812,11
3813,10
3813,11
3814,11
3815,11
3816,11
3817,11
3818,11
3819,11
3820,11
3821,7
3821,11
3822,11
3823,11
3824,11
3825,11
3826,11
3827,11
3828,11
3829,11
3830,11
3831,11
3832,11
3833,11
3834,10
3834,11
3835,11
3836,10
3837,11
3838,11
3839,11
3840,1
3840,2
3840,3
3841,11
3842,11
3843,10
3843,11
3844,11
3845,11
3846,11
3847,11
3848,10
3849,10
3850,10
3851,10
3852,10
3852,11
3853,10
3854,3
3854,11
3855,3
3855,11
3855,27
3856,10
3857,3
3858,11
3859,11
3860,11
3861,11
3862,11
3863,3
3863,32
3864,3
3864,32
3866,3
3866,32
3867,3
3868,11
3869,11
3870,11
3871,11
3872,11
3873,6
3873,11
3874,11
3874,21
3875,11
3876,11
3878,11
3879,11
3880,11
3881,11
3882,11
3883,11
3884,11
3885,11
3886,11
3887,11
3888,11
3889,11
3890,11
3891,11
3892,11
3893,11
3894,4
3894,10
3895,4
3895,10
3896,4
3896,10
3897,4
3897,10
3898,4
3898,10
3899,4
3899,10
3900,4
3900,10
3901,11
3902,11
3903,11
3904,4
3904,10
3904,17
3905,4
3905,10
3906,4
3906,10
3907,4
3907,10
3908,4
3908,10
3909,4
3909,10
3910,4
3910,10
3911,4
3911,10
3912,4
3912,10
3913,4
3913,10
3914,4
3914,10
3915,10
3916,10
3917,4
3917,10
3918,4
3918,10
3919,4
3919,10
3919,16
3920,4
3920,10
3920,16
3921,4
3921,10
3921,16
3922,4
3922,10
3922,16
3923,4
3923,10
3923,16
3924,4
3924,10
3924,16
3925,4
3925,10
3925,16
3926,4
3926,10
3926,16
3927,4
3927,10
3927,16
3928,4
3928,10
3928,16
3929,4
3929,10
3929,16
3930,4
3930,10
3930,16
3931,4
3931,10
3931,16
3932,4
3932,10
3932,16
3933,4
3933,10
3933,16
3934,4
3934,10
3934,16
3935,4
3935,10
3935,16
3936,4
3936,10
3936,16
3937,4
3937,10
3937,16
3938,4
3938,10
3939,4
3939,10
3939,16
3940,4
3940,10
3940,16
3941,4
3941,10
3941,16
3942,4
3942,10
3942,16
3943,4
3943,10
3943,16
3944,4
3944,10
3945,2
3946,4
3946,10
3946,16
3947,4
3947,10
3947,16
3948,4
3948,10
3949,4
3949,11
3950,4
3950,10
3951,4
3951,10
3951,11
3952,4
3952,11
3952,16
3953,4
3953,10
3954,4
3954,10
3954,16
3955,4
3955,10
3956,4
3956,10
3957,4
3957,11
3958,4
3958,11
3959,4
3959,11
3960,4
3960,11
3961,4
3961,10
3962,4
3962,10
3962,16
3963,4
3963,10
3963,16
3965,4
3965,11
3966,4
3966,10
3966,16
3967,4
3967,10
3967,16
3968,4
3968,10
3968,16
3969,4
3969,10
3969,16
3970,4
3970,10
3970,16
3971,4
3971,10
3971,16
3972,4
3972,10
3972,16
3973,4
3973,10
3974,4
3974,10
3975,4
3975,10
3975,16
3976,4
3976,10
3976,16
3977,4
3977,10
3978,4
3978,10
3979,4
3979,10
3980,4
3980,10
3980,16
3981,4
3981,10
3982,4
3982,10
3983,4
3983,11
3984,4
3984,10
3985,4
3985,10
3986,4
3986,10
3987,4
3987,10
3988,4
3988,10
3989,4
3989,11
3990,4
3990,10
3991,4
3991,11
3992,4
3992,10
3993,4
3993,10
3993,17
3994,4
3994,10
3994,17
3995,4
3995,10
3995,17
3996,4
3996,10
3996,17
3997,4
3997,10
3997,11
3998,4
3998,10
3998,17
3999,4
3999,10
3999,17
4000,1
4000,3
4000,4
4001,7
4001,11
4002,9
4002,11
4003,7
4003,11
4004,7
4004,11
4005,7
4005,10
4006,7
4006,10
4007,10
4008,10
4009,1
4009,3
4009,4
4010,7
4010,11
4011,7
4011,10
4012,9
4012,11
4013,9
4013,11
4014,9
4014,11
4015,9
4015,11
4016,9
4016,11
4017,9
4017,11
4018,9
4018,11
4019,7
4019,11
4020,9
4020,11
4021,9
4021,11
4022,9
4022,11
4023,9
4023,11
4024,7
4024,11
4025,7
4025,11
4026,7
4026,11
4027,7
4027,11
4028,7
4028,9
4029,7
4029,11
4030,7
4030,11
4031,9
4031,11
4032,7
4032,11
4033,7
4033,11
4034,7
4034,11
4035,7
4035,11
4036,7
4036,11
4037,10
4038,7
4038,11
4039,10
4040,7
4040,11
4041,9
4041,11
4042,7
4042,11
4043,7
4043,11
4044,7
4044,11
4045,7
4045,11
4046,7
4046,11
4047,7
4047,11
4048,7
4048,11
4049,7
4049,11
4050,7
4050,11
4051,10
4053,7
4053,11
4054,4
4055,10
4056,10
4057,10
4058,10
4059,10
4060,10
4061,1
4061,4
4061,10
4062,7
4062,11
4063,4
4063,10
4063,17
4064,4
4064,10
4064,17
4065,4
4065,10
4065,11
4066,4
4066,10
4066,17
4067,4
4067,10
4067,17
4068,4
4068,10
4068,17
4069,4
4069,10
4069,17
4070,4
4070,10
4070,17
4071,4
4071,10
4071,17
4072,4
4072,10
4072,17
4073,4
4073,10
4073,17
4074,4
4074,10
4074,11
4075,4
4075,10
4075,17
4076,4
4076,10
4076,17
4077,4
4077,10
4077,17
4078,4
4078,10
4078,17
4079,4
4079,10
4079,17
4080,4
4080,10
4080,17
4081,4
4081,10
4081,17
4082,4
4082,10
4082,17
4084,4
4084,10
4084,17
4085,4
4085,10
4085,17
4086,4
4086,10
4086,17
4087,7
4087,11
4089,7
4090,7
4090,11
4091,7
4091,11
4092,10
4093,10
4094,7
4094,11
4095,7
4095,11
4096,7
4096,10
4096,11
4097,7
4097,11
4098,7
4098,10
4098,11
4099,7
4099,11
4100,7
4100,16
4101,7
4101,11
4102,7
4102,11
4103,7
4103,11
4104,9
4104,11
4105,9
4105,11
4106,9
4106,11
4107,9
4107,11
4108,9
4108,11
4109,9
4109,11
4110,7
4110,11
4111,7
4111,11
4112,7
4112,11
4113,7
4113,11
4114,4
4115,4
4116,4
4116,10
4117,4
4117,10
4118,4
4118,10
4119,4
4120,4
4120,7
4120,11
4121,4
4121,10
4122,4
4122,10
4123,7
4123,10
4123,11
4124,7
4124,11
4125,7
4125,11
4126,7
4126,11
4127,7
4127,11
4128,7
4128,11
4129,7
4129,11
4130,7
4130,11
4131,7
4131,11
4132,7
4132,11
4133,7
4133,11
4134,7
4134,11
4135,7
4135,11
4136,7
4136,11
4137,7
4137,11
4138,7
4138,11
4139,7
4139,10
4139,11
4140,7
4140,10
4140,11
4141,7
4141,10
4141,11
4142,7
4142,10
4142,11
4143,7
4143,10
4143,11
4144,7
4144,10
4144,11
4145,7
4145,10
4145,11
4146,7
4146,10
4146,11
4147,7
4147,11
4148,7
4148,11
4150,7
4150,11
4151,7
4151,11
4152,7
4152,11
4153,7
4153,11
4154,7
4154,11
4155,7
4155,11
4156,7
4156,11
4157,7
4157,11
4158,7
4158,11
4159,7
4159,11
4160,7
4160,11
4161,7
4161,11
4162,7
4162,11
4163,7
4163,11
4163,17
4164,7
4164,11
4164,17
4165,7
4165,11
4165,17
4166,7
4166,11
4166,17
4167,7
4167,11
4167,17
4168,7
4168,11
4168,17
4169,7
4169,11
4169,17
4170,7
4170,11
4170,17
4171,7
4171,11
4171,17
4172,7
4172,11
4172,17
4173,7
4173,11
4173,17
4174,7
4174,11
4175,7
4175,11
4176,7
4176,11
4177,7
4177,11
4178,7
4178,11
4179,7
4179,11
4180,7
4180,11
4181,7
4181,11
4182,7
4182,11
4183,7
4183,11
4184,7
4184,11
4185,7
4185,11
4186,7
4186,11
4187,7
4187,11
4188,7
4188,11
4189,7
4189,11
4190,7
4190,11
4191,7
4191,11
4192,7
4192,11
4193,7
4193,11
4194,7
4194,11
4195,7
4195,11
4196,7
4196,11
4197,7
4197,11
4198,7
4198,11
4199,7
4199,11
4200,7
4200,11
4201,7
4201,11
4202,7
4202,11
4203,7
4203,11
4204,7
4204,11
4205,7
4205,11
4206,7
4206,11
4207,7
4207,11
4208,7
4208,11
4209,7
4209,11
4210,7
4210,11
4211,7
4211,11
4212,7
4212,11
4213,7
4213,11
4214,10
4215,7
4216,7
4217,7
4218,10
4219,7
4220,7
4221,7
4222,7
4223,7
4224,7
4225,2
4225,10
4225,11
4226,11
4227,4
4227,6
4227,11
4228,7
4228,11
4231,7
4231,11
4232,7
4232,11
4233,3
4233,7
4233,11
4234,7
4234,11
4236,7
4236,11
4238,7
4238,11
4239,11
4240,7
4240,11
4241,7
4241,11
4242,1
4242,4
4242,6
4243,7
4243,11
4244,7
4244,11
4245,7
4245,11
4246,7
4246,11
4247,7
4247,11
4248,7
4248,11
4249,7
4249,11
4250,7
4250,11
4251,7
4251,11
4252,7
4252,11
4253,7
4253,11
4254,7
4254,11
4256,7
4256,11
4258,7
4258,11
4259,2
4259,4
4259,7
4260,2
4260,4
4260,7
4261,4
4261,7
4261,10
4262,2
4262,4
4262,7
4263,2
4263,7
4264,2
4264,4
4264,7
4265,7
4267,4
4267,7
4267,10
4268,4
4268,7
4268,10
4269,7
4269,11
4270,7
4270,11
4271,7
4271,11
4272,7
4272,11
4273,7
4273,11
4274,7
4274,11
4275,7
4275,11
4276,7
4276,11
4277,4
4277,6
4277,11
4278,2
4278,4
4278,7
4279,2
4279,4
4279,7
4280,7
4281,4
4281,7
4281,10
4282,4
4282,7
4282,10
4283,4
4283,7
4283,11
4284,4
4284,7
4284,10
4285,4
4285,7
4285,11
4286,4
4286,7
4286,11
4287,11
4288,7
4288,11
4289,7
4289,11
4290,7
4290,11
4291,7
4291,11
4292,7
4292,11
4293,7
4293,11
4294,7
4294,11
4295,7
4295,11
4296,7
4296,11
4297,7
4297,11
4298,7
4298,11
4299,7
4299,11
4300,7
4300,11
4301,7
4301,11
4302,7
4302,11
4303,7
4303,11
4304,7
4304,11
4305,7
4305,11
4306,7
4306,11
4307,7
4307,11
4308,7
4308,11
4309,7
4309,11
4310,7
4310,11
4311,7
4311,11
4312,7
4312,11
4313,7
4313,11
4314,7
4314,11
4315,2
4315,4
4315,7
4316,2
4316,4
4316,7
4317,7
4318,7
4319,7
4320,7
4321,7
4322,7
4323,7
4324,7
4325,7
4326,7
4327,7
4328,7
4329,7
4330,7
4331,7
4332,7
4333,7
4335,7
4336,7
4337,7
4338,7
4339,7
4341,7
4343,7
4344,7
4345,7
4346,7
4347,7
4348,7
4349,7
4350,7
4351,7
4352,7
4353,7
4354,7
4355,7
4356,7
4357,7
4358,7
4359,7
4360,7
4361,7
4362,10
4363,7
4364,7
4365,7
4366,7
4367,7
4368,7
4369,7
4370,7
4371,7
4372,7
4373,7
4374,7
4375,7
4376,7
4377,7
4378,7
4379,7
4380,7
4381,7
4382,7
4383,7
4384,7
4385,7
4386,7
4387,7
4388,7
4389,7
4390,7
4391,7
4392,7
4393,7
4394,7
4395,7
4396,7
4397,7
4398,7
4399,7
4400,7
4401,7
4402,7
4403,7
4404,7
4405,7
4406,7
4407,7
4408,7
4409,7
4410,11
4411,4
4411,6
4411,16
4412,4
4412,6
4412,16
4413,4
4413,6
4413,16
4414,4
4414,6
4414,11
4415,4
4415,6
4415,11
4416,4
4416,6
4416,16
4417,4
4417,6
4417,16
4418,4
4418,6
4418,16
4419,4
4419,6
4419,16
4420,4
4420,6
4420,16
4421,4
4421,6
4421,16
4422,4
4422,6
4422,16
4423,4
4423,6
4423,16
4424,4
4424,6
4424,16
4425,4
4425,6
4425,11
4426,4
4426,6
4426,11
4427,4
4427,6
4427,11
4428,4
4428,6
4428,11
4429,4
4429,6
4429,16
4430,4
4430,6
4430,16
4431,4
4431,6
4431,16
4432,4
4432,6
4433,4
4433,6
4434,4
4434,6
4434,11
4435,4
4435,6
4435,11
4436,4
4436,6
4436,11
4437,4
4437,6
4437,11
4438,4
4438,6
4438,11
4439,4
4439,6
4439,11
4440,4
4440,6
4440,11
4441,4
4441,6
4441,11
4442,4
4442,6
4442,11
4443,4
4443,6
4443,16
4445,4
4445,6
4445,16
4446,4
4446,6
4446,16
4447,4
4447,6
4447,16
4448,4
4448,6
4448,16
4449,4
4449,6
4449,16
4450,4
4450,6
4450,11
4451,1
4451,4
4451,11
4452,2
4452,4
4452,6
4453,2
4453,4
4453,10
4454,2
4454,4
4454,10
4455,2
4455,4
4455,10
4456,2
4456,4
4456,10
4457,2
4457,4
4457,10
4458,2
4458,4
4458,10
4459,2
4459,4
4459,10
4460,4
4460,6
4460,11
4461,4
4461,6
4461,11
4462,4
4462,6
4462,11
4463,4
4463,6
4463,16
4464,4
4464,6
4464,11
4465,4
4465,6
4465,11
4466,4
4466,6
4466,11
4467,4
4467,6
4467,11
4468,4
4468,6
4468,11
4469,4
4469,6
4469,11
4470,4
4470,6
4470,11
4471,4
4471,6
4471,11
4472,4
4472,6
4472,11
4473,4
4473,6
4473,11
4474,4
4474,6
4474,11
4475,4
4475,6
4475,11
4476,4
4476,6
4476,11
4477,4
4477,6
4477,11
4478,4
4478,6
4478,11
4479,4
4479,6
4479,11
4480,4
4480,6
4480,11
4481,4
4481,6
4481,11
4482,2
4482,4
4482,10
4483,4
4483,6
4483,11
4484,4
4484,6
4484,11
4485,4
4485,6
4485,16
4486,4
4486,6
4486,11
4487,4
4487,6
4487,16
4488,2
4488,4
4488,10
4489,2
4489,4
4489,10
4490,2
4490,4
4490,10
4491,2
4491,4
4491,10
4492,2
4492,4
4492,10
4493,2
4493,10
4493,11
4494,2
4494,4
4494,10
4495,2
4495,4
4495,10
4496,4
4496,6
4496,11
4497,4
4497,6
4497,11
4498,4
4498,6
4498,11
4499,4
4499,6
4499,11
4500,4
4500,6
4500,11
4501,1
4501,4
4501,6
4502,1
4502,2
4502,4
4503,1
4503,2
4503,4
4504,7
4505,7
4506,7
4507,7
4508,7
4510,7
4511,7
4512,7
4513,7
4514,7
4515,7
4516,7
4518,7
4519,4
4519,6
4519,11
4520,7
4521,7
4522,7
4523,7
4524,7
4525,7
4526,7
4527,7
4528,7
4529,7
4530,7
4531,7
4532,7
4533,7
4534,7
4535,7
4536,7
4537,7
4538,7
4539,7
4540,7
4541,7
4542,7
4543,7
4544,7
4545,7
4546,7
4547,7
4548,7
4549,7
4550,7
4551,7
4552,4
4552,11
4553,7
4554,7
4555,7
4556,4
4556,11
4557,7
4557,11
4558,7
4559,7
4560,7
4561,7
4562,7
4563,7
4564,7
4565,7
4566,7
4567,7
4568,7
4569,7
4570,7
4571,7
4572,2
4573,7
4574,7
4575,7
4576,7
4577,7
4578,7
4579,7
4580,7
4581,7
4582,7
4583,7
4584,7
4585,7
4586,7
4587,7
4588,7
4589,7
4590,7
4591,7
4592,7
4593,7
4594,7
4595,7
4596,7
4597,7
4598,7
4600,4
4600,7
4600,10
4601,4
4601,7
4601,10
4602,4
4602,7
4602,11
4603,4
4603,7
4603,10
4604,4
4604,7
4604,10
4605,4
4605,7
4605,10
4606,4
4606,7
4606,10
4607,4
4607,7
4607,10
4608,4
4608,7
4608,10
4609,4
4609,7
4609,10
4610,4
4610,7
4610,10
4611,4
4611,7
4611,10
4612,4
4612,7
4612,10
4613,4
4613,7
4613,10
4614,4
4614,7
4614,10
4615,4
4615,7
4615,10
4616,11
4617,11
4618,11
4619,11
4620,11
4621,11
4622,4
4622,6
4622,11
4623,4
4623,6
4623,11
4624,4
4624,6
4624,11
4625,4
4625,6
4625,11
4626,4
4626,6
4626,11
4627,4
4627,6
4627,10
4628,4
4628,6
4628,10
4629,4
4629,6
4629,10
4630,2
4630,4
4630,6
4631,2
4631,4
4631,6
4632,2
4632,4
4632,6
4633,2
4633,4
4633,6
4634,2
4634,4
4634,10
4635,2
4635,4
4635,11
4636,2
4636,4
4636,11
4637,2
4637,4
4637,11
4638,2
4638,4
4638,10
4639,2
4639,4
4639,10
4640,2
4640,4
4640,10
4641,2
4641,4
4641,10
4642,2
4642,4
4642,10
4643,2
4643,4
4643,10
4644,2
4644,4
4644,10
4645,2
4645,4
4645,10
4646,2
4646,4
4646,10
4647,2
4647,4
4647,10
4648,2
4648,4
4648,10
4649,2
4649,4
4649,10
4650,2
4650,4
4650,10
4651,2
4651,4
4651,10
4652,2
4652,4
4652,10
4653,2
4653,4
4653,10
4654,4
4654,6
4654,11
4655,2
4655,4
4655,10
4656,2
4656,4
4656,10
4657,4
4658,4
4658,6
4658,16
4659,4
4659,6
4659,16
4660,4
4660,6
4660,16
4661,4
4661,6
4661,10
4662,4
4662,6
4662,11
4663,4
4663,6
4663,11
4664,4
4664,6
4664,11
4665,2
4665,4
4665,16
4666,2
4666,4
4666,10
4667,2
4667,4
4667,10
4668,2
4668,4
4668,10
4669,4
4669,6
4669,11
4670,4
4670,6
4670,16
4671,4
4671,6
4671,16
4672,4
4672,6
4672,16
4673,4
4673,6
4673,16
4676,2
4676,4
4676,10
4677,4
4677,6
4677,11
4678,4
4678,6
4678,11
4679,4
4679,6
4679,16
4680,4
4680,6
4680,11
4681,4
4681,6
4681,11
4682,4
4682,6
4682,11
4683,4
4683,6
4683,11
4684,4
4684,11
4684,16
4685,6
4685,10
4686,6
4686,10
4687,2
4687,4
4687,10
4688,2
4688,4
4688,10
4689,4
4689,6
4689,11
4690,6
4690,10
4691,6
4691,10
4692,6
4692,10
4693,4
4693,11
4694,4
4694,10
4695,4
4695,10
4696,4
4696,11
4697,4
4697,10
4698,4
4698,10
4699,4
4699,10
4700,4
4700,10
4701,4
4701,10
4702,4
4702,10
4703,4
4703,10
4704,4
4705,4
4705,10
4706,4
4706,10
4707,4
4707,10
4708,4
4708,10
4709,4
4709,10
4710,4
4710,10
4711,4
4711,10
4712,4
4712,10
4713,4
4713,10
4714,4
4714,10
4715,11
4716,11
4717,11
4718,11
4719,2
4719,4
4719,10
4720,2
4720,4
4720,10
4721,2
4721,4
4721,10
4722,2
4722,4
4722,10
4723,2
4723,4
4723,10
4724,2
4724,4
4724,10
4725,2
4725,4
4725,10
4726,2
4726,4
4726,10
4727,2
4727,4
4727,10
4728,2
4728,4
4728,10
4729,7
4729,11
4730,7
4730,11
4732,1
4732,2
4732,4
4733,2
4733,4
4733,10
4734,2
4734,4
4734,10
4735,2
4735,4
4735,10
4736,2
4736,4
4736,10
4737,2
4737,4
4737,10
4738,4
4738,11
4739,11
4740,11
4741,11
4742,11
4743,11
4744,11
4745,4
4745,11
4746,4
4746,10
4747,4
4747,10
4748,4
4748,10
4749,4
4749,10
4750,10
4751,10
4752,10
4753,4
4753,10
4754,4
4754,10
4755,1
4755,3
4755,4
4760,7
4760,11
4761,11
4762,9
4763,11
4764,7
4764,11
4765,4
4765,11
4766,4
4766,11
4767,4
4767,11
4768,4
4768,11
4769,4
4769,11
4770,4
4770,11
4771,4
4771,11
4772,4
4772,11
4773,4
4773,11
4774,4
4774,11
4775,4
4775,11
4776,4
4776,11
4777,4
4777,11
4778,4
4778,11
4779,4
4779,10
4780,4
4780,10
4781,4
4781,10
4782,3
4783,3
4784,11
4785,4
4785,10
4785,11
4786,10
4787,11
4788,4
4788,10
4789,4
4789,10
4790,4
4790,10
4791,4
4791,10
4792,4
4792,10
4793,4
4793,17
4794,11
4795,4
4795,10
4796,4
4796,10
4797,4
4797,10
4798,4
4798,10
4799,4
4799,17
4800,4
4800,10
4801,4
4801,10
4802,4
4802,10
4803,4
4803,10
4804,4
4804,10
4805,4
4805,10
4806,4
4806,11
4807,4
4807,10
4808,4
4808,10
4809,4
4809,10
4810,4
4810,11
4811,10
4812,10
4813,10
4814,11
4815,11
4816,4
4816,11
4816,17
4817,11
4818,11
4819,11
4820,11
4821,4
4821,11
4821,17
4822,7
4822,11
4823,4
4823,11
4823,17
4824,4
4824,11
4824,17
4825,4
4825,17
4826,4
4826,17
4827,4
4827,17
4828,4
4828,17
4829,4
4829,17
4830,4
4830,11
4831,11
4832,11
4833,11
4834,11
4835,7
4835,11
4836,7
4836,11
4837,7
4837,11
4838,7
4838,11
4839,7
4839,11
4840,7
4840,11
4841,4
4841,7
4841,11
4842,7
4842,11
4843,7
4843,11
4844,7
4844,11
4845,7
4845,11
4846,7
4846,11
4847,7
4847,11
4848,4
4848,10
4849,7
4849,11
4850,7
4850,11
4851,7
4851,11
4852,4
4852,10
4853,4
4853,10
4854,7
4854,11
4855,7
4855,11
4856,7
4856,11
4857,4
4857,10
4858,7
4858,11
4859,7
4859,11
4860,7
4860,11
4861,7
4861,11
4862,7
4862,11
4863,7
4863,11
4864,7
4864,11
4865,7
4865,11
4866,4
4866,7
4866,11
4867,7
4867,11
4868,7
4868,11
4869,7
4869,11
4870,7
4870,11
4871,7
4871,11
4872,7
4872,11
4873,7
4873,11
4874,4
4874,10
4875,7
4875,11
4876,7
4876,11
4877,7
4877,11
4878,7
4878,11
4879,4
4879,10
4880,4
4881,10
4882,11
4883,4
4883,11
4883,17
4884,4
4884,17
4885,11
4886,4
4886,17
4887,4
4887,17
4888,4
4888,10
4889,4
4889,17
4890,4
4890,17
4891,4
4891,17
4892,4
4892,17
4893,4
4893,17
4894,4
4894,11
4895,4
4895,7
4896,4
4896,17
4897,4
4897,17
4898,4
4898,17
4899,4
4899,17
4900,4
4900,17
4901,4
4901,11
4902,4
4902,17
4903,7
4903,11
4904,7
4904,11
4905,7
4905,11
4906,7
4906,11
4907,7
4907,11
4908,7
4908,11
4909,7
4909,11
4910,7
4910,11
4911,7
4911,11
4912,7
4912,11
4913,7
4913,11
4914,7
4914,11
4915,7
4915,11
4916,7
4916,11
4917,7
4917,11
4918,7
4918,10
4919,7
4919,10
4920,7
4920,10
4921,7
4921,10
4922,7
4922,10
4923,7
4923,10
4924,7
4924,10
4925,7
4925,11
4926,7
4926,11
4927,7
4927,11
4928,7
4928,11
4929,7
4929,11
4930,7
4930,11
4931,7
4931,11
4932,7
4932,11
4933,7
4933,11
4934,7
4934,11
4935,7
4935,11
4936,7
4936,11
4937,7
4937,11
4938,7
4938,11
4939,7
4939,11
4940,7
4940,11
4941,7
4941,11
4942,4
4942,10
4943,4
4943,10
4944,7
4944,11
4945,7
4945,11
4946,4
4946,10
4947,7
4947,11
4948,7
4948,11
4949,7
4949,11
4950,7
4950,11
4951,7
4951,11
4952,7
4952,11
4953,7
4953,11
4954,7
4954,11
4955,7
4955,11
4956,7
4956,11
4957,7
4957,11
4958,7
4958,11
4959,7
4959,11
4960,7
4960,11
4961,7
4961,11
4962,7
4962,11
4963,7
4963,11
4964,7
4964,11
4965,7
4965,11
4966,7
4966,11
4967,7
4967,11
4968,7
4968,11
4969,7
4969,11
4970,7
4970,11
4971,7
4971,11
4972,7
4972,11
4973,7
4973,11
4974,7
4974,11
4975,7
4975,11
4976,7
4976,11
4977,7
4977,11
4978,7
4978,11
4979,7
4979,10
4980,7
4980,10
4981,7
4981,10
4982,7
4982,11
4983,7
4983,11
4984,7
4984,10
4985,7
4985,10
4986,7
4986,10
4987,7
4987,10
4988,7
4988,10
4989,7
4989,10
4990,7
4990,11
4991,7
4991,10
4992,7
4992,10
4993,7
4993,10
4994,7
4994,10
4995,4
4995,7
4995,10
4996,4
4996,7
4996,10
4997,4
4997,7
4997,10
4998,4
4998,7
4998,10
4999,7
4999,11
5000,7
5000,11
5001,7
5001,11
5002,7
5002,11
5003,7
5003,11
5004,7
5004,11
5005,7
5005,11
5006,7
5006,10
5007,7
5007,10
5008,7
5008,11
5009,4
5009,10
5010,4
5010,10
5011,7
5011,11
5012,4
5012,10
5013,4
5013,10
5014,4
5014,10
5015,10
5016,10
5017,10
5018,7
5018,11
5019,7
5019,11
5020,7
5020,11
5021,7
5021,11
5022,7
5022,11
5023,7
5023,10
5024,7
5024,11
5025,7
5025,11
5026,7
5026,11
5027,7
5027,11
5028,4
5028,10
5029,4
5029,10
5030,4
5030,10
5031,4
5031,10
5032,7
5032,11
5033,7
5033,11
5034,7
5034,11
5035,7
5035,11
5036,7
5036,11
5037,7
5037,11
5038,7
5038,11
5039,7
5039,11
5040,4
5040,7
5040,10
5041,7
5041,11
5042,7
5042,10
5042,11
5043,7
5043,11
5044,7
5044,11
5045,7
5045,11
5046,7
5046,11
5047,7
5047,11
5048,7
5048,11
5049,7
5049,11
5050,7
5050,11
