"ORD_A","ORD_F","archInterp","funcInterp","count","arch_total","arch_pct","func_total","func_pct","PairIndex","count_LC","arch_pct_LC","func_pct_LC","PairIndex_LC"
19,10,"avenue divider or possible avenue divider","avenue divider",24,24,1,25,0.96,1.96,8,1,1,2
153,138,"pyramid (more than ca. 10m high)","pyramid temple (over 10 m high)",27,29,0.931034482758621,27,1,1.93103448275862,12,0.923076923076923,1,1.92307692307692
1,157,"access-way (alley, street, avenue, etc.)","street or avenue",220,228,0.964912280701754,228,0.964912280701754,1.92982456140351,83,0.976470588235294,0.965116279069767,1.94158686730506
45,50,"no plausible alternative to the primary interpretation","no plausible alternative to the pirmary interpretation",13239,14583,0.907837893437564,13644,0.970316622691293,1.87815451612886,3333,0.898382749326146,0.971720116618076,1.87010286594422
105,100,"plaza","plaza",1100,1218,0.90311986863711,1139,0.9657594381036,1.86887930674071,393,0.905529953917051,0.972772277227723,1.87830223114477
20,35,"casa humilde","low status residential, no obvious occupational specialization",2168,2358,0.919423240033927,2287,0.94796676869261,1.86739000872654,574,0.937908496732026,0.948760330578512,1.88666882731054
43,183,"free-standing wall or segment of wall","wall or segment of a wall",105,121,0.867768595041322,107,0.981308411214953,1.84907700625628,38,0.826086956521739,0.974358974358974,1.80044593088071
183,163,"temple base (incl. platforms & multi-tiered platforms)","temple platform",530,614,0.863192182410424,586,0.904436860068259,1.76762904247868,217,0.854330708661417,0.939393939393939,1.79372464805536
119,119,"primary interpretation is the best assessment of a very ambiguous situation","primary interpretation is the best assessment of a very ambiguous situation",4256,4655,0.914285714285714,5305,0.802262016965127,1.71654773125084,919,0.901864573110893,0.782127659574468,1.68399223268536
6,27,"apartment compound","intermediate status residence",3662,4705,0.778320935175345,3924,0.933231396534149,1.71155233170949,1822,0.779632006846384,0.947970863683663,1.72760287053005
137,171,"probably not occupied or utilized in this period","unoccupied, not clear if cultivated or not",4725,6729,0.702184574230941,4779,0.988700564971751,1.69088513920269,585,0.785234899328859,0.978260869565217,1.76349576889408
155,139,"room group","residence of uncertain status",2086,2458,0.848657445077299,2533,0.823529411764706,1.672186856842,5,0.0574712643678161,0.0352112676056338,0.0926825319734499
91,46,"platform in plaza (momoztli)","momoztli (platform in plaza)",20,23,0.869565217391304,27,0.740740740740741,1.61030595813205,8,0.888888888888889,0.8,1.68888888888889
38,12,"cemetery","cemetery",28,45,0.622222222222222,31,0.903225806451613,1.52544802867384,10,0.625,0.909090909090909,1.53409090909091
169,91,"simple platform","platform of probable religious significance",535,623,0.858747993579454,879,0.608646188850967,1.46739418243042,147,0.880239520958084,0.546468401486989,1.42670792244507
94,92,"platform with other structures on it","platform of probable religious significance",330,451,0.731707317073171,879,0.37542662116041,1.10713393823358,118,0.719512195121951,0.438661710037175,1.15817390515913
192,187,NA,NA,209,214,0.976635514018692,3128,0.0668158567774936,1.04345137079619,17,1,0.0373626373626374,1.03736263736264
184,132,"temple base (incl. platforms & multi-tiered platforms)","probably temple, hard to fit into any of the above categories",47,614,0.0765472312703583,50,0.94,1.01654723127036,23,0.0905511811023622,0.958333333333333,1.0488845144357
147,170,"probably not occupied or utilized in this period","uncultivated open area",3,6729,0.000445831475702185,3,1,1.0004458314757,NA,NA,NA,NA
185,161,"temple base (incl. platforms & multi-tiered platforms)","temple",18,614,0.0293159609120521,19,0.947368421052632,0.976684381964684,7,0.0275590551181102,0.875,0.90255905511811
81,73,"other","other",77,126,0.611111111111111,220,0.35,0.961111111111111,29,0.617021276595745,0.367088607594937,0.984109884190681
65,186,"occupation without durable structures",NA,812,1165,0.696995708154506,3128,0.259590792838875,0.956586500993381,237,0.736024844720497,0.520879120879121,1.25690396559962
7,21,"apartment compound","high status residence",501,4705,0.106482465462274,636,0.787735849056604,0.894218314518878,249,0.106546854942234,0.79047619047619,0.897023045418424
138,185,"probably not occupied or utilized in this period",NA,1875,6729,0.278644672313865,3128,0.599424552429668,0.878069224743533,135,0.181208053691275,0.296703296703297,0.477911350394572
179,8,"simple platform","altar",2,623,0.00321027287319422,3,0.666666666666667,0.669876939539861,1,0.00598802395209581,1,1.0059880239521
107,42,"plaza","market or part of a market",25,1218,0.0205254515599343,40,0.625,0.645525451559934,11,0.0253456221198157,0.6875,0.712845622119816
108,109,"plaza","possible ball court",15,1218,0.0123152709359606,24,0.625,0.637315270935961,5,0.0115207373271889,0.625,0.636520737327189
52,1,"no plausible alternative to the primary interpretation","\""civic\"" structure, but not a temple",39,14583,0.00267434684221354,62,0.629032258064516,0.63170660490673,17,0.0045822102425876,0.739130434782609,0.743712645025196
76,135,"occupation without durable structures","puesto",6,1165,0.00515021459227468,10,0.6,0.605150214592275,2,0.0062111801242236,0.5,0.506211180124224
35,77,"cave","other",16,31,0.516129032258065,220,0.0727272727272727,0.588856304985337,4,0.5,0.0506329113924051,0.550632911392405
53,87,"no plausible alternative to the primary interpretation","other type of workshop or craft production area",24,14583,0.00164575190290064,41,0.585365853658537,0.587011605561437,8,0.00215633423180593,0.533333333333333,0.535489667565139
9,151,"apartment compound","residential workshop",130,4705,0.0276301806588735,244,0.532786885245902,0.560417065904775,65,0.0278134360290971,0.764705882352941,0.792519318382038
139,14,"probably not occupied or utilized in this period","cultivated field",52,6729,0.00772774557883787,113,0.460176991150442,0.46790473672928,14,0.0187919463087248,0.56,0.578791946308725
55,113,"no plausible alternative to the primary interpretation","pottery workshop",12,14583,0.000822875951450319,28,0.428571428571429,0.429394304522879,6,0.00161725067385445,0.461538461538462,0.463155712212316
36,193,"cave",NA,12,31,0.387096774193548,3128,0.00383631713554987,0.390933091329098,3,0.375,0.00659340659340659,0.381593406593407
70,15,"occupation without durable structures","cultivated field",38,1165,0.032618025751073,113,0.336283185840708,0.368901211591781,5,0.015527950310559,0.2,0.215527950310559
149,9,"probably not occupied or utilized in this period","altar",1,6729,0.000148610491900728,3,0.333333333333333,0.333481943825234,NA,NA,NA,NA
15,114,"apartment compound","pottery workshop",8,4705,0.00170031880977683,28,0.285714285714286,0.287414604524063,4,0.00171159606332905,0.307692307692308,0.309403903755637
48,64,"no plausible alternative to the primary interpretation","obsidian workshop",71,14583,0.00486868271274772,258,0.275193798449612,0.28006248116236,25,0.00673854447439353,0.28735632183908,0.294094866313474
158,152,"room group","residential workshop",60,2458,0.0244100895036615,244,0.245901639344262,0.270311728847924,NA,NA,NA,NA
68,65,"occupation without durable structures","obsidian workshop",53,1165,0.0454935622317597,258,0.205426356589147,0.250919918820907,19,0.0590062111801242,0.218390804597701,0.277397015777825
46,120,"no plausible alternative to the primary interpretation","primary interpretation is the best assessment of a very ambiguous situation",906,14583,0.0621271343344991,5305,0.170782280867107,0.232909415201606,211,0.0568733153638814,0.179574468085106,0.236447783448988
95,74,"platform with other structures on it","other",32,451,0.0709534368070953,220,0.145454545454545,0.216407982261641,11,0.0670731707317073,0.139240506329114,0.206313677060821
11,66,"apartment compound","obsidian workshop",52,4705,0.0110520722635494,258,0.201550387596899,0.212602459860449,25,0.0106974753958066,0.28735632183908,0.298053797234887
44,78,"free-standing wall or segment of wall","other",16,121,0.132231404958678,220,0.0727272727272727,0.20495867768595,8,0.173913043478261,0.10126582278481,0.275178866263071
135,137,"primary interpretation is the best assessment of a very ambiguous situation","puesto",2,4655,0.000429645542427497,10,0.2,0.200429645542428,1,0.00098135426889107,0.25,0.250981354268891
62,136,"no plausible alternative to the primary interpretation","puesto",2,14583,0.000137145991908386,10,0.2,0.200137145991908,1,0.000269541778975741,0.25,0.250269541778976
14,88,"apartment compound","other type of workshop or craft production area",8,4705,0.00170031880977683,41,0.195121951219512,0.196822270029289,4,0.00171159606332905,0.266666666666667,0.268378262729996
82,192,"other",NA,23,126,0.182539682539683,3128,0.00735294117647059,0.189892623716153,8,0.170212765957447,0.0175824175824176,0.187795183539864
143,2,"probably not occupied or utilized in this period","\""civic\"" structure, but not a temple",11,6729,0.00163471541090801,62,0.17741935483871,0.179054070249618,NA,NA,NA,NA
51,153,"no plausible alternative to the primary interpretation","residential workshop",42,14583,0.00288006583007612,244,0.172131147540984,0.17501121337106,16,0.00431266846361186,0.188235294117647,0.192547962581259
128,110,"primary interpretation is the best assessment of a very ambiguous situation","possible ball court",4,4655,0.000859291084854995,24,0.166666666666667,0.167525957751522,1,0.00098135426889107,0.125,0.125981354268891
39,126,"cemetery","primary interpretation is the best assessment of a very ambiguous situation",7,45,0.155555555555556,5305,0.00131950989632422,0.15687506545188,2,0.125,0.00170212765957447,0.126702127659574
40,71,"cemetery","obsidian workshop",6,45,0.133333333333333,258,0.0232558139534884,0.156589147286822,2,0.125,0.0229885057471264,0.147988505747126
73,44,"occupation without durable structures","market or part of a market",6,1165,0.00515021459227468,40,0.15,0.155150214592275,2,0.0062111801242236,0.125,0.131211180124224
8,140,"apartment compound","residence of uncertain status",253,4705,0.0537725823591923,2533,0.0998815633636005,0.153654145722793,122,0.0522036799315362,0.859154929577465,0.911358609509001
27,43,"casa humilde","market or part of a market",6,2358,0.00254452926208651,40,0.15,0.152544529262087,2,0.00326797385620915,0.125,0.128267973856209
74,89,"occupation without durable structures","other type of workshop or craft production area",6,1165,0.00515021459227468,41,0.146341463414634,0.151491678006909,2,0.0062111801242236,0.133333333333333,0.139544513457557
87,111,"other","possible ball court",3,126,0.0238095238095238,24,0.125,0.148809523809524,1,0.0212765957446809,0.125,0.146276595744681
41,45,"cemetery","market or part of a market",3,45,0.0666666666666667,40,0.075,0.141666666666667,1,0.0625,0.0625,0.125
157,22,"room group","high status residence",70,2458,0.0284784377542718,636,0.110062893081761,0.138541330836033,34,0.390804597701149,0.107936507936508,0.498741105637657
170,75,"simple platform","other",21,623,0.0337078651685393,220,0.0954545454545455,0.129162410623085,7,0.0419161676646707,0.0886075949367089,0.13052376260138
92,5,"platform in plaza (momoztli)","\""civic\"" structure, but not a temple",2,23,0.0869565217391304,62,0.032258064516129,0.119214586255259,1,0.111111111111111,0.0434782608695652,0.154589371980676
121,16,"primary interpretation is the best assessment of a very ambiguous situation","cultivated field",13,4655,0.00279269602577873,113,0.115044247787611,0.117836943813389,3,0.00294406280667321,0.12,0.122944062806673
176,48,"simple platform","momoztli (platform in plaza)",3,623,0.00481540930979133,27,0.111111111111111,0.115926520420902,1,0.00598802395209581,0.1,0.105988023952096
160,67,"room group","obsidian workshop",27,2458,0.0109845402766477,258,0.104651162790698,0.115635703067345,1,0.0114942528735632,0.0114942528735632,0.0229885057471264
130,47,"primary interpretation is the best assessment of a very ambiguous situation","momoztli (platform in plaza)",3,4655,0.000644468313641246,27,0.111111111111111,0.111755579424752,1,0.00098135426889107,0.1,0.100981354268891
66,36,"occupation without durable structures","low status residential, no obvious occupational specialization",81,1165,0.0695278969957082,2287,0.0354175776125929,0.104945474608301,18,0.0559006211180124,0.0297520661157025,0.0856526872337149
129,13,"primary interpretation is the best assessment of a very ambiguous situation","cemetery",3,4655,0.000644468313641246,31,0.0967741935483871,0.0974186618620283,1,0.00098135426889107,0.0909090909090909,0.091890445177982
37,60,"cave","no plausible alternative to the pirmary interpretation",3,31,0.0967741935483871,13644,0.000219876868953386,0.0969940704173405,1,0.125,0.000291545189504373,0.125291545189504
120,51,"primary interpretation is the best assessment of a very ambiguous situation","no plausible alternative to the pirmary interpretation",309,4655,0.0663802363050483,13644,0.0226473175021988,0.0890275538072471,69,0.0677134445534838,0.0201166180758017,0.0878300626292856
61,112,"no plausible alternative to the primary interpretation","possible ball court",2,14583,0.000137145991908386,24,0.0833333333333333,0.0834704793252417,1,0.000269541778975741,0.125,0.125269541778976
23,68,"casa humilde","obsidian workshop",19,2358,0.00805767599660729,258,0.0736434108527132,0.0817010868493205,5,0.00816993464052288,0.0574712643678161,0.065641199008339
156,28,"room group","intermediate status residence",123,2458,0.0500406834825061,3924,0.0313455657492355,0.0813862492317416,34,0.390804597701149,0.0176899063475546,0.408494504048704
54,76,"no plausible alternative to the primary interpretation","other",17,14583,0.00116574093122129,220,0.0772727272727273,0.0784384682039485,6,0.00161725067385445,0.0759493670886076,0.077566617762462
49,23,"no plausible alternative to the primary interpretation","high status residence",46,14583,0.00315435781389289,636,0.0723270440251572,0.0754814018390501,23,0.00619946091644205,0.073015873015873,0.0792153339323151
97,164,"platform with other structures on it","temple platform",19,451,0.0421286031042129,586,0.0324232081911263,0.0745518112953391,7,0.0426829268292683,0.0303030303030303,0.0729859571322986
30,90,"casa humilde","other type of workshop or craft production area",3,2358,0.00127226463104326,41,0.0731707317073171,0.0744429963383603,1,0.00163398692810458,0.0666666666666667,0.0683006535947712
78,116,"occupation without durable structures","pottery workshop",2,1165,0.00171673819742489,28,0.0714285714285714,0.0731453096259963,1,0.0031055900621118,0.0769230769230769,0.0800286669851887
115,117,"plaza","pottery workshop",2,1218,0.00164203612479475,28,0.0714285714285714,0.0730706075533662,1,0.00230414746543779,0.0769230769230769,0.0792272243885147
33,115,"casa humilde","pottery workshop",2,2358,0.000848176420695505,28,0.0714285714285714,0.0722767478492669,1,0.00163398692810458,0.0769230769230769,0.0785570638511815
167,118,"room group","pottery workshop",2,2458,0.00081366965012205,28,0.0714285714285714,0.0722422410786935,NA,NA,NA,NA
154,62,"pyramid (more than ca. 10m high)","no plausible alternative to the pirmary interpretation",2,29,0.0689655172413793,13644,0.000146584579302257,0.0691121018206816,1,0.0769230769230769,0.000291545189504373,0.0772146221125813
109,69,"plaza","obsidian workshop",14,1218,0.0114942528735632,258,0.0542635658914729,0.0657578187650361,4,0.00921658986175115,0.0459770114942529,0.055193601356004
18,3,"apartment compound","\""civic\"" structure, but not a temple",4,4705,0.000850159404888417,62,0.0645161290322581,0.0653662884371465,2,0.000855798031664527,0.0869565217391304,0.087812319770795
171,165,"simple platform","temple platform",19,623,0.0304975922953451,586,0.0324232081911263,0.0629208004864714,1,0.00598802395209581,0.00432900432900433,0.0103170282811001
67,121,"occupation without durable structures","primary interpretation is the best assessment of a very ambiguous situation",60,1165,0.0515021459227468,5305,0.0113100848256362,0.062812230748383,18,0.0559006211180124,0.0153191489361702,0.0712197700541826
69,142,"occupation without durable structures","residence of uncertain status",49,1165,0.0420600858369099,2533,0.0193446506119226,0.0614047364488325,5,0.015527950310559,0.0352112676056338,0.0507392179161928
72,79,"occupation without durable structures","other",10,1165,0.00858369098712446,220,0.0454545454545455,0.0540382364416699,3,0.0093167701863354,0.0379746835443038,0.0472914537306392
110,80,"plaza","other",10,1218,0.00821018062397373,220,0.0454545454545455,0.0536647260785192,5,0.0115207373271889,0.0632911392405063,0.0748118765676953
122,70,"primary interpretation is the best assessment of a very ambiguous situation","obsidian workshop",13,4655,0.00279269602577873,258,0.0503875968992248,0.0531802929250035,5,0.00490677134445535,0.0574712643678161,0.0623780357122714
64,162,"no plausible alternative to the primary interpretation","temple",1,14583,6.85729959541932e-05,19,0.0526315789473684,0.0527001519433226,1,0.000269541778975741,0.125,0.125269541778976
21,141,"casa humilde","residence of uncertain status",62,2358,0.0262934690415606,2533,0.0244769048559021,0.0507703738974627,3,0.00490196078431373,0.0211267605633803,0.026028721347694
89,4,"other","\""civic\"" structure, but not a temple",2,126,0.0158730158730159,62,0.032258064516129,0.0481310803891449,1,0.0212765957446809,0.0434782608695652,0.0647548566142461
83,57,"other","no plausible alternative to the pirmary interpretation",6,126,0.0476190476190476,13644,0.000439753737906772,0.0480588013569544,2,0.0425531914893617,0.000583090379008746,0.0431362818683705
104,133,"platform with other structures on it","probably temple, hard to fit into any of the above categories",2,451,0.00443458980044346,50,0.04,0.0444345898004435,1,0.00609756097560976,0.0416666666666667,0.0477642276422764
93,108,"platform in plaza (momoztli)","plaza",1,23,0.0434782608695652,1139,0.000877963125548727,0.0443562239951139,NA,NA,NA,NA
96,52,"platform with other structures on it","no plausible alternative to the pirmary interpretation",19,451,0.0421286031042129,13644,0.00139255350337145,0.0435211566075843,7,0.0426829268292683,0.00204081632653061,0.0447237431557989
150,11,"probably not occupied or utilized in this period","avenue divider",1,6729,0.000148610491900728,25,0.04,0.0401486104919007,NA,NA,NA,NA
13,81,"apartment compound","other",8,4705,0.00170031880977683,220,0.0363636363636364,0.0380639551734132,4,0.00171159606332905,0.0506329113924051,0.0523445074557341
100,24,"platform with other structures on it","high status residence",10,451,0.0221729490022173,636,0.0157232704402516,0.0378962194424689,5,0.0304878048780488,0.0158730158730159,0.0463608207510647
117,49,"plaza","momoztli (platform in plaza)",1,1218,0.000821018062397373,27,0.037037037037037,0.0378580550994344,NA,NA,NA,NA
186,82,"temple base (incl. platforms & multi-tiered platforms)","other",6,614,0.00977198697068404,220,0.0272727272727273,0.0370447142434113,2,0.0078740157480315,0.0253164556962025,0.033190471444234
106,191,"plaza",NA,32,1218,0.0262725779967159,3128,0.010230179028133,0.0365027570248489,10,0.0230414746543779,0.021978021978022,0.0450194966323999
59,17,"no plausible alternative to the primary interpretation","cultivated field",4,14583,0.000274291983816773,113,0.0353982300884956,0.0356725220723123,2,0.000539083557951483,0.08,0.0805390835579515
159,189,"room group",NA,49,2458,0.0199349064279902,3128,0.0156649616368286,0.0355998680648189,4,0.0459770114942529,0.00879120879120879,0.0547682202854617
178,7,"simple platform","\""civic\"" structure, but not a temple",2,623,0.00321027287319422,62,0.032258064516129,0.0354683373893232,1,0.00598802395209581,0.0434782608695652,0.049466284821661
85,72,"other","obsidian workshop",3,126,0.0238095238095238,258,0.0116279069767442,0.035437430786268,1,0.0212765957446809,0.0114942528735632,0.0327708486182441
47,29,"no plausible alternative to the primary interpretation","intermediate status residence",105,14583,0.00720016457519029,3924,0.0267584097859327,0.033958574361123,52,0.0140161725067385,0.0270551508844953,0.0410713233912339
133,6,"primary interpretation is the best assessment of a very ambiguous situation","\""civic\"" structure, but not a temple",2,4655,0.000429645542427497,62,0.032258064516129,0.0326877100585565,1,0.00098135426889107,0.0434782608695652,0.0444596151384563
84,175,"other","unoccupied, not clear if cultivated or not",4,126,0.0317460317460317,4779,0.000836995187277673,0.0325830269333094,2,0.0425531914893617,0.00334448160535117,0.0458976730947129
111,158,"plaza","street or avenue",6,1218,0.00492610837438424,228,0.0263157894736842,0.0312418978480684,2,0.00460829493087558,0.0232558139534884,0.0278641088843639
22,190,"casa humilde",NA,42,2358,0.0178117048346056,3128,0.0134271099744246,0.0312388148090302,8,0.0130718954248366,0.0175824175824176,0.0306543130072542
71,172,"occupation without durable structures","unoccupied, not clear if cultivated or not",29,1165,0.0248927038626609,4779,0.00606821510776313,0.0309609189704241,7,0.0217391304347826,0.0117056856187291,0.0334448160535117
99,194,"platform with other structures on it",NA,12,451,0.0266075388026608,3128,0.00383631713554987,0.0304438559382106,4,0.024390243902439,0.00879120879120879,0.0331814526936478
98,30,"platform with other structures on it","intermediate status residence",12,451,0.0266075388026608,3924,0.00305810397553517,0.0296656427781959,6,0.0365853658536585,0.00312174817898023,0.0397071140326388
113,18,"plaza","cultivated field",3,1218,0.00246305418719212,113,0.0265486725663717,0.0290117267535638,1,0.00230414746543779,0.04,0.0423041474654378
10,188,"apartment compound",NA,54,4705,0.0114771519659936,3128,0.0172634271099744,0.028740579075968,27,0.0115532734274711,0.0593406593406593,0.0708939327681305
86,93,"other","platform of probable religious significance",3,126,0.0238095238095238,879,0.00341296928327645,0.0272224930928003,1,0.0212765957446809,0.00371747211895911,0.02499406786364
42,159,"cemetery","street or avenue",1,45,0.0222222222222222,228,0.0043859649122807,0.0266081871345029,1,0.0625,0.0116279069767442,0.0741279069767442
127,154,"primary interpretation is the best assessment of a very ambiguous situation","residential workshop",6,4655,0.00128893662728249,244,0.0245901639344262,0.0258791005617087,2,0.00196270853778214,0.0235294117647059,0.025492120302488
88,131,"other","primary interpretation is the best assessment of a very ambiguous situation",3,126,0.0238095238095238,5305,0.00056550424128181,0.0243750280508056,1,0.0212765957446809,0.000851063829787234,0.0221276595744681
173,101,"simple platform","plaza",9,623,0.014446227929374,1139,0.00790166812993854,0.0223478960593125,3,0.0179640718562874,0.00742574257425743,0.0253898144305448
172,54,"simple platform","no plausible alternative to the pirmary interpretation",13,623,0.0208667736757624,13644,0.000952799765464673,0.0218195734412271,2,0.0119760479041916,0.000583090379008746,0.0125591382832004
182,134,"simple platform","probably temple, hard to fit into any of the above categories",1,623,0.00160513643659711,50,0.02,0.0216051364365971,NA,NA,NA,NA
101,146,"platform with other structures on it","residence of uncertain status",8,451,0.0177383592017738,2533,0.00315831030398737,0.0208966695057612,2,0.0121951219512195,0.0140845070422535,0.026279628993473
50,143,"no plausible alternative to the primary interpretation","residence of uncertain status",44,14583,0.0030172118219845,2533,0.0173707066719305,0.020387918493915,NA,NA,NA,NA
34,184,"casa humilde","wall or segment of a wall",2,2358,0.000848176420695505,107,0.0186915887850467,0.0195397652057422,1,0.00163398692810458,0.0256410256410256,0.0272750125691302
56,166,"no plausible alternative to the primary interpretation","temple platform",11,14583,0.000754302955496126,586,0.0187713310580205,0.0195256340135166,4,0.00107816711590297,0.0173160173160173,0.0183941844319203
90,169,"other","temple platform",2,126,0.0158730158730159,586,0.00341296928327645,0.0192859851562923,1,0.0212765957446809,0.00432900432900433,0.0256056000736852
31,19,"casa humilde","cultivated field",2,2358,0.000848176420695505,113,0.0176991150442478,0.0185472914649433,NA,NA,NA,NA
29,155,"casa humilde","residential workshop",4,2358,0.00169635284139101,244,0.0163934426229508,0.0180897954643418,2,0.00326797385620915,0.0235294117647059,0.026797385620915
2,106,"access-way (alley, street, avenue, etc.)","plaza",3,228,0.0131578947368421,1139,0.00263388937664618,0.0157917841134883,1,0.0117647058823529,0.00247524752475248,0.0142399534071054
125,25,"primary interpretation is the best assessment of a very ambiguous situation","high status residence",8,4655,0.00171858216970999,636,0.0125786163522013,0.0142971985219112,4,0.00392541707556428,0.0126984126984127,0.016623829773977
131,83,"primary interpretation is the best assessment of a very ambiguous situation","other",3,4655,0.000644468313641246,220,0.0136363636363636,0.0142808319500049,NA,NA,NA,NA
3,196,"access-way (alley, street, avenue, etc.)",NA,3,228,0.0131578947368421,3128,0.000959079283887468,0.0141169740207296,1,0.0117647058823529,0.0021978021978022,0.0139625080801551
194,20,NA,"cultivated field",1,214,0.00467289719626168,113,0.00884955752212389,0.0135224547183856,NA,NA,NA,NA
174,127,"simple platform","primary interpretation is the best assessment of a very ambiguous situation",7,623,0.0112359550561798,5305,0.00131950989632422,0.012555464952504,2,0.0119760479041916,0.00170212765957447,0.0136781755637661
187,128,"temple base (incl. platforms & multi-tiered platforms)","primary interpretation is the best assessment of a very ambiguous situation",6,614,0.00977198697068404,5305,0.00113100848256362,0.0109029954532477,2,0.0078740157480315,0.00170212765957447,0.00957614340760596
75,103,"occupation without durable structures","plaza",6,1165,0.00515021459227468,1139,0.00526777875329236,0.010417993345567,2,0.0062111801242236,0.00495049504950495,0.0111616751737286
140,37,"probably not occupied or utilized in this period","low status residential, no obvious occupational specialization",17,6729,0.00252637836231238,2287,0.00743331875819851,0.00995969712051089,6,0.00805369127516779,0.00991735537190083,0.0179710466470686
166,84,"room group","other",2,2458,0.00081366965012205,220,0.00909090909090909,0.00990457874103114,NA,NA,NA,NA
193,179,NA,"unoccupied, not clear if cultivated or not",2,214,0.00934579439252336,4779,0.000418497593638837,0.0097642919861622,NA,NA,NA,NA
175,195,"simple platform",NA,5,623,0.00802568218298555,3128,0.00159846547314578,0.00962414765613133,1,0.00598802395209581,0.0021978021978022,0.00818582614989801
102,129,"platform with other structures on it","primary interpretation is the best assessment of a very ambiguous situation",4,451,0.00886917960088692,5305,0.000754005655042413,0.00962318525592933,2,0.0121951219512195,0.00170212765957447,0.013897249610794
103,107,"platform with other structures on it","plaza",3,451,0.00665188470066519,1139,0.00263388937664618,0.00928577407731137,1,0.00609756097560976,0.00247524752475248,0.00857280850036223
25,122,"casa humilde","primary interpretation is the best assessment of a very ambiguous situation",15,2358,0.00636132315521628,5305,0.00282752120640905,0.00918884436162533,5,0.00816993464052288,0.00425531914893617,0.012425253789459
24,53,"casa humilde","no plausible alternative to the pirmary interpretation",18,2358,0.00763358778625954,13644,0.00131926121372032,0.00895284899997986,5,0.00816993464052288,0.00145772594752187,0.00962766058804474
4,85,"access-way (alley, street, avenue, etc.)","other",1,228,0.0043859649122807,220,0.00454545454545455,0.00893141945773525,NA,NA,NA,NA
161,123,"room group","primary interpretation is the best assessment of a very ambiguous situation",15,2458,0.00610252237591538,5305,0.00282752120640905,0.00893004358232443,5,0.0574712643678161,0.00425531914893617,0.0617265835167523
148,156,"probably not occupied or utilized in this period","residential workshop",2,6729,0.000297220983801456,244,0.00819672131147541,0.00849394229527687,NA,NA,NA,NA
188,95,"temple base (incl. platforms & multi-tiered platforms)","platform of probable religious significance",3,614,0.00488599348534202,879,0.00341296928327645,0.00829896276861847,1,0.00393700787401575,0.00371747211895911,0.00765447999297486
142,144,"probably not occupied or utilized in this period","residence of uncertain status",14,6729,0.00208054688661019,2533,0.00552704303197789,0.00760758991858809,2,0.00268456375838926,0.0140845070422535,0.0167690708006428
123,145,"primary interpretation is the best assessment of a very ambiguous situation","residence of uncertain status",11,4655,0.00236305048335124,2533,0.00434267666798263,0.00670572715133386,3,0.00294406280667321,0.0211267605633803,0.0240708233700535
126,104,"primary interpretation is the best assessment of a very ambiguous situation","plaza",6,4655,0.00128893662728249,1139,0.00526777875329236,0.00655671538057485,2,0.00196270853778214,0.00495049504950495,0.00691320358728709
165,167,"room group","temple platform",3,2458,0.00122050447518308,586,0.00511945392491468,0.00633995840009775,1,0.0114942528735632,0.00432900432900433,0.0158232572025675
177,147,"simple platform","residence of uncertain status",3,623,0.00481540930979133,2533,0.00118436636399526,0.00599977567378659,NA,NA,NA,NA
163,39,"room group","low status residential, no obvious occupational specialization",7,2458,0.00284784377542718,2287,0.00306077831219939,0.00590862208762656,NA,NA,NA,NA
195,99,NA,"platform of probable religious significance",1,214,0.00467289719626168,879,0.00113765642775882,0.0058105536240205,NA,NA,NA,NA
58,102,"no plausible alternative to the primary interpretation","plaza",6,14583,0.000411437975725159,1139,0.00526777875329236,0.00567921672901752,2,0.000539083557951483,0.00495049504950495,0.00548957860745643
26,32,"casa humilde","intermediate status residence",8,2358,0.00339270568278202,3924,0.00203873598369011,0.00543144166647213,3,0.00490196078431373,0.00156087408949011,0.00646283487380384
144,105,"probably not occupied or utilized in this period","plaza",5,6729,0.000743052459503641,1139,0.00438981562774363,0.00513286808724728,NA,NA,NA,NA
79,168,"occupation without durable structures","temple platform",2,1165,0.00171673819742489,586,0.00341296928327645,0.00512970748070134,NA,NA,NA,NA
196,150,NA,"residence of uncertain status",1,214,0.00467289719626168,2533,0.000394788787998421,0.0050676859842601,NA,NA,NA,NA
162,56,"room group","no plausible alternative to the pirmary interpretation",10,2458,0.00406834825061025,13644,0.000732922896511287,0.00480127114712154,2,0.0229885057471264,0.000583090379008746,0.0235715961261352
141,124,"probably not occupied or utilized in this period","primary interpretation is the best assessment of a very ambiguous situation",14,6729,0.00208054688661019,5305,0.00263901979264844,0.00471956667925864,3,0.00402684563758389,0.0025531914893617,0.0065800371269456
124,31,"primary interpretation is the best assessment of a very ambiguous situation","intermediate status residence",10,4655,0.00214822771213749,3924,0.00254841997961264,0.00469664769175013,5,0.00490677134445535,0.00260145681581686,0.00750822816027221
152,86,"probably not occupied or utilized in this period","other",1,6729,0.000148610491900728,220,0.00454545454545455,0.00469406503735527,NA,NA,NA,NA
164,94,"room group","platform of probable religious significance",3,2458,0.00122050447518308,879,0.00341296928327645,0.00463347375845953,1,0.0114942528735632,0.00371747211895911,0.0152117249925223
5,180,"access-way (alley, street, avenue, etc.)","unoccupied, not clear if cultivated or not",1,228,0.0043859649122807,4779,0.000209248796819418,0.00459521370910012,NA,NA,NA,NA
63,160,"no plausible alternative to the primary interpretation","street or avenue",1,14583,6.85729959541932e-05,228,0.0043859649122807,0.0044545379082349,NA,NA,NA,NA
112,130,"plaza","primary interpretation is the best assessment of a very ambiguous situation",4,1218,0.00328407224958949,5305,0.000754005655042413,0.0040380779046319,1,0.00230414746543779,0.000851063829787234,0.00315521129522502
77,58,"occupation without durable structures","no plausible alternative to the pirmary interpretation",4,1165,0.00343347639484979,13644,0.000293169158604515,0.0037266455534543,1,0.0031055900621118,0.000291545189504373,0.00339713525161617
180,178,"simple platform","unoccupied, not clear if cultivated or not",2,623,0.00321027287319422,4779,0.000418497593638837,0.00362877046683306,1,0.00598802395209581,0.00167224080267559,0.00766026475477139
57,38,"no plausible alternative to the primary interpretation","low status residential, no obvious occupational specialization",7,14583,0.000480010971679353,2287,0.00306077831219939,0.00354078928387874,2,0.000539083557951483,0.00330578512396694,0.00384486868191842
12,55,"apartment compound","no plausible alternative to the pirmary interpretation",12,4705,0.00255047821466525,13644,0.000879507475813544,0.00342998569047879,5,0.00213949507916132,0.00145772594752187,0.00359722102668318
189,63,"temple base (incl. platforms & multi-tiered platforms)","no plausible alternative to the pirmary interpretation",2,614,0.00325732899022801,13644,0.000146584579302257,0.00340391356953027,1,0.00393700787401575,0.000291545189504373,0.00422855306352012
17,40,"apartment compound","low status residential, no obvious occupational specialization",5,4705,0.00106269925611052,2287,0.00218627022299956,0.00324896947911008,4,0.00171159606332905,0.00661157024793388,0.00832316631126294
16,125,"apartment compound","primary interpretation is the best assessment of a very ambiguous situation",8,4705,0.00170031880977683,5305,0.00150801131008483,0.00320833011986166,4,0.00171159606332905,0.00340425531914894,0.00511585138247799
28,173,"casa humilde","unoccupied, not clear if cultivated or not",5,2358,0.00212044105173876,4779,0.00104624398409709,0.00316668503583585,1,0.00163398692810458,0.00167224080267559,0.00330622773078016
32,96,"casa humilde","platform of probable religious significance",2,2358,0.000848176420695505,879,0.00227531285551763,0.00312348927621314,1,0.00163398692810458,0.00371747211895911,0.00535145904706368
114,61,"plaza","no plausible alternative to the pirmary interpretation",3,1218,0.00246305418719212,13644,0.000219876868953386,0.0026829310561455,1,0.00230414746543779,0.000291545189504373,0.00259569265494216
116,177,"plaza","unoccupied, not clear if cultivated or not",2,1218,0.00164203612479475,4779,0.000418497593638837,0.00206053371843358,NA,NA,NA,NA
190,149,"temple base (incl. platforms & multi-tiered platforms)","residence of uncertain status",1,614,0.00162866449511401,2533,0.000394788787998421,0.00202345328311243,NA,NA,NA,NA
80,97,"occupation without durable structures","platform of probable religious significance",1,1165,0.000858369098712446,879,0.00113765642775882,0.00199602552647126,NA,NA,NA,NA
181,34,"simple platform","intermediate status residence",1,623,0.00160513643659711,3924,0.000254841997961264,0.00185997843455837,NA,NA,NA,NA
191,182,"temple base (incl. platforms & multi-tiered platforms)","unoccupied, not clear if cultivated or not",1,614,0.00162866449511401,4779,0.000209248796819418,0.00183791329193342,1,0.00393700787401575,0.00167224080267559,0.00560924867669133
151,26,"probably not occupied or utilized in this period","high status residence",1,6729,0.000148610491900728,636,0.00157232704402516,0.00172093753592589,NA,NA,NA,NA
136,98,"primary interpretation is the best assessment of a very ambiguous situation","platform of probable religious significance",1,4655,0.000214822771213749,879,0.00113765642775882,0.00135247919897257,NA,NA,NA,NA
134,41,"primary interpretation is the best assessment of a very ambiguous situation","low status residential, no obvious occupational specialization",2,4655,0.000429645542427497,2287,0.000874508089199825,0.00130415363162732,1,0.00098135426889107,0.00165289256198347,0.00263424683087454
132,176,"primary interpretation is the best assessment of a very ambiguous situation","unoccupied, not clear if cultivated or not",3,4655,0.000644468313641246,4779,0.000627746390458255,0.0012722147040995,1,0.00098135426889107,0.00167224080267559,0.00265359507156665
118,148,"plaza","residence of uncertain status",1,1218,0.000821018062397373,2533,0.000394788787998421,0.00121580685039579,NA,NA,NA,NA
146,33,"probably not occupied or utilized in this period","intermediate status residence",3,6729,0.000445831475702185,3924,0.000764525993883792,0.00121035746958598,NA,NA,NA,NA
60,174,"no plausible alternative to the primary interpretation","unoccupied, not clear if cultivated or not",4,14583,0.000274291983816773,4779,0.000836995187277673,0.00111128717109445,NA,NA,NA,NA
145,59,"probably not occupied or utilized in this period","no plausible alternative to the pirmary interpretation",4,6729,0.000594441967602913,13644,0.000293169158604515,0.000887611126207427,NA,NA,NA,NA
168,181,"room group","unoccupied, not clear if cultivated or not",1,2458,0.000406834825061025,4779,0.000209248796819418,0.000616083621880444,NA,NA,NA,NA
