"archInterp1","archInterp2","funcInterp1","funcInterp2","count"
"access-way (alley, street, avenue, etc.)","casa humilde","street or avenue","low status residential, no obvious occupational specialization",1
"access-way (alley, street, avenue, etc.)","free-standing wall or segment of wall","street or avenue","wall or segment of a wall",3
"access-way (alley, street, avenue, etc.)","no plausible alternative to the primary interpretation","street or avenue","no plausible alternative to the pirmary interpretation",103
"access-way (alley, street, avenue, etc.)","no plausible alternative to the primary interpretation","street or avenue","obsidian workshop",2
"access-way (alley, street, avenue, etc.)","no plausible alternative to the primary interpretation","street or avenue","primary interpretation is the best assessment of a very ambiguous situation",9
"access-way (alley, street, avenue, etc.)","no plausible alternative to the primary interpretation","unoccupied, not clear if cultivated or not","no plausible alternative to the pirmary interpretation",1
"access-way (alley, street, avenue, etc.)","no plausible alternative to the primary interpretation",NA,"primary interpretation is the best assessment of a very ambiguous situation",3
"access-way (alley, street, avenue, etc.)","occupation without durable structures","street or avenue","market or part of a market",3
"access-way (alley, street, avenue, etc.)","occupation without durable structures","street or avenue","primary interpretation is the best assessment of a very ambiguous situation",8
"access-way (alley, street, avenue, etc.)","other","street or avenue","other",2
"access-way (alley, street, avenue, etc.)","plaza","street or avenue","plaza",18
"access-way (alley, street, avenue, etc.)","primary interpretation is the best assessment of a very ambiguous situation","plaza","primary interpretation is the best assessment of a very ambiguous situation",3
"access-way (alley, street, avenue, etc.)","primary interpretation is the best assessment of a very ambiguous situation","street or avenue","primary interpretation is the best assessment of a very ambiguous situation",26
"access-way (alley, street, avenue, etc.)","probably not occupied or utilized in this period","street or avenue","unoccupied, not clear if cultivated or not",2
"apartment compound","access-way (alley, street, avenue, etc.)","residence of uncertain status","street or avenue",2
"apartment compound","apartment compound","residence of uncertain status","no plausible alternative to the pirmary interpretation",2
"apartment compound","casa humilde","intermediate status residence","low status residential, no obvious occupational specialization",12
"apartment compound","casa humilde","intermediate status residence","primary interpretation is the best assessment of a very ambiguous situation",2
"apartment compound","casa humilde","obsidian workshop","residential workshop",2
"apartment compound","casa humilde","other type of workshop or craft production area","pottery workshop",2
"apartment compound","casa humilde","residence of uncertain status","low status residential, no obvious occupational specialization",2
"apartment compound","casa humilde","residence of uncertain status","no plausible alternative to the pirmary interpretation",2
"apartment compound","cemetery","intermediate status residence","primary interpretation is the best assessment of a very ambiguous situation",2
"apartment compound","cemetery","residence of uncertain status","cemetery",2
"apartment compound","no plausible alternative to the primary interpretation","\""civic\"" structure, but not a temple","high status residence",4
"apartment compound","no plausible alternative to the primary interpretation","high status residence","\""civic\"" structure, but not a temple",6
"apartment compound","no plausible alternative to the primary interpretation","high status residence","high status residence",2
"apartment compound","no plausible alternative to the primary interpretation","high status residence","intermediate status residence",34
"apartment compound","no plausible alternative to the primary interpretation","high status residence","no plausible alternative to the pirmary interpretation",382
"apartment compound","no plausible alternative to the primary interpretation","high status residence","primary interpretation is the best assessment of a very ambiguous situation",4
"apartment compound","no plausible alternative to the primary interpretation","intermediate status residence","\""civic\"" structure, but not a temple",4
"apartment compound","no plausible alternative to the primary interpretation","intermediate status residence","high status residence",34
"apartment compound","no plausible alternative to the primary interpretation","intermediate status residence","no plausible alternative to the pirmary interpretation",2841
"apartment compound","no plausible alternative to the primary interpretation","intermediate status residence","obsidian workshop",8
"apartment compound","no plausible alternative to the primary interpretation","intermediate status residence","other",4
"apartment compound","no plausible alternative to the primary interpretation","intermediate status residence","other type of workshop or craft production area",12
"apartment compound","no plausible alternative to the primary interpretation","intermediate status residence","pottery workshop",10
"apartment compound","no plausible alternative to the primary interpretation","intermediate status residence","primary interpretation is the best assessment of a very ambiguous situation",94
"apartment compound","no plausible alternative to the primary interpretation","intermediate status residence","residential workshop",26
"apartment compound","no plausible alternative to the primary interpretation","low status residential, no obvious occupational specialization","no plausible alternative to the pirmary interpretation",3
"apartment compound","no plausible alternative to the primary interpretation","obsidian workshop","high status residence",4
"apartment compound","no plausible alternative to the primary interpretation","obsidian workshop","intermediate status residence",18
"apartment compound","no plausible alternative to the primary interpretation","obsidian workshop","no plausible alternative to the pirmary interpretation",16
"apartment compound","no plausible alternative to the primary interpretation","obsidian workshop","residential workshop",4
"apartment compound","no plausible alternative to the primary interpretation","other","obsidian workshop",2
"apartment compound","no plausible alternative to the primary interpretation","other","primary interpretation is the best assessment of a very ambiguous situation",2
"apartment compound","no plausible alternative to the primary interpretation","other type of workshop or craft production area","no plausible alternative to the pirmary interpretation",2
"apartment compound","no plausible alternative to the primary interpretation","pottery workshop","no plausible alternative to the pirmary interpretation",6
"apartment compound","no plausible alternative to the primary interpretation","pottery workshop","other type of workshop or craft production area",2
"apartment compound","no plausible alternative to the primary interpretation","residence of uncertain status","no plausible alternative to the pirmary interpretation",47
"apartment compound","no plausible alternative to the primary interpretation","residence of uncertain status","primary interpretation is the best assessment of a very ambiguous situation",4
"apartment compound","no plausible alternative to the primary interpretation","residential workshop","intermediate status residence",48
"apartment compound","no plausible alternative to the primary interpretation","residential workshop","no plausible alternative to the pirmary interpretation",38
"apartment compound","no plausible alternative to the primary interpretation","residential workshop","obsidian workshop",34
"apartment compound","no plausible alternative to the primary interpretation","residential workshop","other type of workshop or craft production area",2
"apartment compound","no plausible alternative to the primary interpretation","residential workshop","primary interpretation is the best assessment of a very ambiguous situation",4
"apartment compound","no plausible alternative to the primary interpretation",NA,"no plausible alternative to the pirmary interpretation",4
"apartment compound","no plausible alternative to the primary interpretation",NA,"primary interpretation is the best assessment of a very ambiguous situation",14
"apartment compound","occupation without durable structures","intermediate status residence","obsidian workshop",2
"apartment compound","other","high status residence","no plausible alternative to the pirmary interpretation",2
"apartment compound","platform with other structures on it","high status residence","no plausible alternative to the pirmary interpretation",2
"apartment compound","platform with other structures on it","high status residence","other",4
"apartment compound","platform with other structures on it","high status residence","platform of probable religious significance",2
"apartment compound","platform with other structures on it","intermediate status residence","platform of probable religious significance",2
"apartment compound","platform with other structures on it","intermediate status residence","probably temple, hard to fit into any of the above categories",2
"apartment compound","platform with other structures on it","residence of uncertain status","platform of probable religious significance",2
"apartment compound","platform with other structures on it","residence of uncertain status","primary interpretation is the best assessment of a very ambiguous situation",2
"apartment compound","platform with other structures on it","residence of uncertain status","temple platform",2
"apartment compound","plaza","intermediate status residence","plaza",4
"apartment compound","plaza","residence of uncertain status","plaza",10
"apartment compound","plaza",NA,"primary interpretation is the best assessment of a very ambiguous situation",2
"apartment compound","primary interpretation is the best assessment of a very ambiguous situation","high status residence","intermediate status residence",8
"apartment compound","primary interpretation is the best assessment of a very ambiguous situation","high status residence","no plausible alternative to the pirmary interpretation",6
"apartment compound","primary interpretation is the best assessment of a very ambiguous situation","high status residence","primary interpretation is the best assessment of a very ambiguous situation",29
"apartment compound","primary interpretation is the best assessment of a very ambiguous situation","intermediate status residence","high status residence",8
"apartment compound","primary interpretation is the best assessment of a very ambiguous situation","intermediate status residence","no plausible alternative to the pirmary interpretation",91
"apartment compound","primary interpretation is the best assessment of a very ambiguous situation","intermediate status residence","primary interpretation is the best assessment of a very ambiguous situation",469
"apartment compound","primary interpretation is the best assessment of a very ambiguous situation","intermediate status residence","residential workshop",5
"apartment compound","primary interpretation is the best assessment of a very ambiguous situation","low status residential, no obvious occupational specialization","primary interpretation is the best assessment of a very ambiguous situation",2
"apartment compound","primary interpretation is the best assessment of a very ambiguous situation","obsidian workshop","no plausible alternative to the pirmary interpretation",2
"apartment compound","primary interpretation is the best assessment of a very ambiguous situation","obsidian workshop","primary interpretation is the best assessment of a very ambiguous situation",1
"apartment compound","primary interpretation is the best assessment of a very ambiguous situation","obsidian workshop","residence of uncertain status",2
"apartment compound","primary interpretation is the best assessment of a very ambiguous situation","other","\""civic\"" structure, but not a temple",2
"apartment compound","primary interpretation is the best assessment of a very ambiguous situation","other","primary interpretation is the best assessment of a very ambiguous situation",2
"apartment compound","primary interpretation is the best assessment of a very ambiguous situation","other type of workshop or craft production area","residence of uncertain status",4
"apartment compound","primary interpretation is the best assessment of a very ambiguous situation","residence of uncertain status","no plausible alternative to the pirmary interpretation",4
"apartment compound","primary interpretation is the best assessment of a very ambiguous situation","residence of uncertain status","obsidian workshop",4
"apartment compound","primary interpretation is the best assessment of a very ambiguous situation","residence of uncertain status","primary interpretation is the best assessment of a very ambiguous situation",118
"apartment compound","primary interpretation is the best assessment of a very ambiguous situation","residential workshop","obsidian workshop",2
"apartment compound","primary interpretation is the best assessment of a very ambiguous situation",NA,"primary interpretation is the best assessment of a very ambiguous situation",34
"apartment compound","probably not occupied or utilized in this period","intermediate status residence","unoccupied, not clear if cultivated or not",5
"apartment compound","probably not occupied or utilized in this period","residence of uncertain status","unoccupied, not clear if cultivated or not",1
"apartment compound","room group","intermediate status residence","no plausible alternative to the pirmary interpretation",4
"apartment compound","room group","intermediate status residence","primary interpretation is the best assessment of a very ambiguous situation",4
"apartment compound","room group","residence of uncertain status","obsidian workshop",2
"apartment compound","room group","residence of uncertain status","primary interpretation is the best assessment of a very ambiguous situation",6
"apartment compound","simple platform","intermediate status residence","platform of probable religious significance",2
"apartment compound","simple platform","residence of uncertain status","platform of probable religious significance",4
"apartment compound","simple platform","residence of uncertain status","primary interpretation is the best assessment of a very ambiguous situation",2
"apartment compound","temple base (incl. platforms & multi-tiered platforms)","intermediate status residence","probably temple, hard to fit into any of the above categories",2
"apartment compound","temple base (incl. platforms & multi-tiered platforms)","intermediate status residence","temple platform",2
"apartment compound","temple base (incl. platforms & multi-tiered platforms)","residence of uncertain status","temple",8
"apartment compound","temple base (incl. platforms & multi-tiered platforms)","residence of uncertain status","temple platform",4
"avenue divider or possible avenue divider","no plausible alternative to the primary interpretation","avenue divider","no plausible alternative to the pirmary interpretation",15
"avenue divider or possible avenue divider","primary interpretation is the best assessment of a very ambiguous situation","avenue divider","primary interpretation is the best assessment of a very ambiguous situation",6
"casa humilde","access-way (alley, street, avenue, etc.)","low status residential, no obvious occupational specialization","street or avenue",1
"casa humilde","apartment compound","low status residential, no obvious occupational specialization","no plausible alternative to the pirmary interpretation",2
"casa humilde","apartment compound","low status residential, no obvious occupational specialization","residence of uncertain status",2
"casa humilde","apartment compound","obsidian workshop","no plausible alternative to the pirmary interpretation",2
"casa humilde","apartment compound","obsidian workshop","residential workshop",2
"casa humilde","apartment compound","residence of uncertain status","no plausible alternative to the pirmary interpretation",2
"casa humilde","avenue divider or possible avenue divider","low status residential, no obvious occupational specialization","avenue divider",3
"casa humilde","casa humilde","low status residential, no obvious occupational specialization","no plausible alternative to the pirmary interpretation",6
"casa humilde","cemetery","market or part of a market","primary interpretation is the best assessment of a very ambiguous situation",3
"casa humilde","no plausible alternative to the primary interpretation","cultivated field","no plausible alternative to the pirmary interpretation",1
"casa humilde","no plausible alternative to the primary interpretation","intermediate status residence","no plausible alternative to the pirmary interpretation",6
"casa humilde","no plausible alternative to the primary interpretation","low status residential, no obvious occupational specialization","\""civic\"" structure, but not a temple",1
"casa humilde","no plausible alternative to the primary interpretation","low status residential, no obvious occupational specialization","no plausible alternative to the pirmary interpretation",1813
"casa humilde","no plausible alternative to the primary interpretation","low status residential, no obvious occupational specialization","obsidian workshop",8
"casa humilde","no plausible alternative to the primary interpretation","low status residential, no obvious occupational specialization","primary interpretation is the best assessment of a very ambiguous situation",57
"casa humilde","no plausible alternative to the primary interpretation","low status residential, no obvious occupational specialization","residential workshop",2
"casa humilde","no plausible alternative to the primary interpretation","low status residential, no obvious occupational specialization","temple platform",1
"casa humilde","no plausible alternative to the primary interpretation","market or part of a market","no plausible alternative to the pirmary interpretation",3
"casa humilde","no plausible alternative to the primary interpretation","obsidian workshop","low status residential, no obvious occupational specialization",3
"casa humilde","no plausible alternative to the primary interpretation","obsidian workshop","no plausible alternative to the pirmary interpretation",10
"casa humilde","no plausible alternative to the primary interpretation","other type of workshop or craft production area","primary interpretation is the best assessment of a very ambiguous situation",3
"casa humilde","no plausible alternative to the primary interpretation","residence of uncertain status","no plausible alternative to the pirmary interpretation",19
"casa humilde","no plausible alternative to the primary interpretation","residence of uncertain status","primary interpretation is the best assessment of a very ambiguous situation",2
"casa humilde","no plausible alternative to the primary interpretation","unoccupied, not clear if cultivated or not","no plausible alternative to the pirmary interpretation",1
"casa humilde","no plausible alternative to the primary interpretation",NA,"no plausible alternative to the pirmary interpretation",1
"casa humilde","no plausible alternative to the primary interpretation",NA,"primary interpretation is the best assessment of a very ambiguous situation",9
"casa humilde","occupation without durable structures","low status residential, no obvious occupational specialization","no plausible alternative to the pirmary interpretation",1
"casa humilde","occupation without durable structures","low status residential, no obvious occupational specialization","obsidian workshop",2
"casa humilde","occupation without durable structures","low status residential, no obvious occupational specialization","primary interpretation is the best assessment of a very ambiguous situation",3
"casa humilde","occupation without durable structures","residential workshop","obsidian workshop",2
"casa humilde","occupation without durable structures",NA,"cultivated field",6
"casa humilde","occupation without durable structures",NA,"primary interpretation is the best assessment of a very ambiguous situation",1
"casa humilde","other","wall or segment of a wall","other",2
"casa humilde","plaza","low status residential, no obvious occupational specialization","obsidian workshop",2
"casa humilde","plaza","low status residential, no obvious occupational specialization","plaza",13
"casa humilde","primary interpretation is the best assessment of a very ambiguous situation","cultivated field","primary interpretation is the best assessment of a very ambiguous situation",1
"casa humilde","primary interpretation is the best assessment of a very ambiguous situation","intermediate status residence","no plausible alternative to the pirmary interpretation",1
"casa humilde","primary interpretation is the best assessment of a very ambiguous situation","intermediate status residence","primary interpretation is the best assessment of a very ambiguous situation",1
"casa humilde","primary interpretation is the best assessment of a very ambiguous situation","low status residential, no obvious occupational specialization","no plausible alternative to the pirmary interpretation",13
"casa humilde","primary interpretation is the best assessment of a very ambiguous situation","low status residential, no obvious occupational specialization","obsidian workshop",3
"casa humilde","primary interpretation is the best assessment of a very ambiguous situation","low status residential, no obvious occupational specialization","other",2
"casa humilde","primary interpretation is the best assessment of a very ambiguous situation","low status residential, no obvious occupational specialization","primary interpretation is the best assessment of a very ambiguous situation",83
"casa humilde","primary interpretation is the best assessment of a very ambiguous situation","residence of uncertain status","no plausible alternative to the pirmary interpretation",1
"casa humilde","primary interpretation is the best assessment of a very ambiguous situation","residence of uncertain status","primary interpretation is the best assessment of a very ambiguous situation",18
"casa humilde","primary interpretation is the best assessment of a very ambiguous situation","unoccupied, not clear if cultivated or not","primary interpretation is the best assessment of a very ambiguous situation",4
"casa humilde","primary interpretation is the best assessment of a very ambiguous situation",NA,"no plausible alternative to the pirmary interpretation",1
"casa humilde","primary interpretation is the best assessment of a very ambiguous situation",NA,"primary interpretation is the best assessment of a very ambiguous situation",23
"casa humilde","probably not occupied or utilized in this period","low status residential, no obvious occupational specialization","\""civic\"" structure, but not a temple",1
"casa humilde","probably not occupied or utilized in this period","low status residential, no obvious occupational specialization","primary interpretation is the best assessment of a very ambiguous situation",2
"casa humilde","probably not occupied or utilized in this period","low status residential, no obvious occupational specialization","unoccupied, not clear if cultivated or not",34
"casa humilde","probably not occupied or utilized in this period","obsidian workshop","unoccupied, not clear if cultivated or not",1
"casa humilde","probably not occupied or utilized in this period","residence of uncertain status","primary interpretation is the best assessment of a very ambiguous situation",1
"casa humilde","probably not occupied or utilized in this period","residence of uncertain status","unoccupied, not clear if cultivated or not",4
"casa humilde","room group","low status residential, no obvious occupational specialization","no plausible alternative to the pirmary interpretation",3
"casa humilde","room group","low status residential, no obvious occupational specialization","residence of uncertain status",2
"casa humilde","room group","residence of uncertain status","no plausible alternative to the pirmary interpretation",2
"casa humilde","room group","residence of uncertain status","primary interpretation is the best assessment of a very ambiguous situation",1
"casa humilde","room group",NA,"primary interpretation is the best assessment of a very ambiguous situation",1
"cave","no plausible alternative to the primary interpretation","other","no plausible alternative to the pirmary interpretation",8
"cave","no plausible alternative to the primary interpretation","other","primary interpretation is the best assessment of a very ambiguous situation",4
"cave","no plausible alternative to the primary interpretation",NA,"primary interpretation is the best assessment of a very ambiguous situation",8
"cave","primary interpretation is the best assessment of a very ambiguous situation","other","primary interpretation is the best assessment of a very ambiguous situation",4
"cave","primary interpretation is the best assessment of a very ambiguous situation",NA,"primary interpretation is the best assessment of a very ambiguous situation",4
"cemetery","no plausible alternative to the primary interpretation","cemetery","no plausible alternative to the pirmary interpretation",18
"cemetery","plaza","street or avenue","plaza",1
"cemetery","primary interpretation is the best assessment of a very ambiguous situation","cemetery","primary interpretation is the best assessment of a very ambiguous situation",6
"cemetery","primary interpretation is the best assessment of a very ambiguous situation","market or part of a market","primary interpretation is the best assessment of a very ambiguous situation",3
"cemetery","primary interpretation is the best assessment of a very ambiguous situation","obsidian workshop","cemetery",3
"cemetery","primary interpretation is the best assessment of a very ambiguous situation","obsidian workshop","no plausible alternative to the pirmary interpretation",3
"free-standing wall or segment of wall","no plausible alternative to the primary interpretation","other","\""civic\"" structure, but not a temple",12
"free-standing wall or segment of wall","no plausible alternative to the primary interpretation","wall or segment of a wall","no plausible alternative to the pirmary interpretation",85
"free-standing wall or segment of wall","other","other","\""civic\"" structure, but not a temple",2
"free-standing wall or segment of wall","platform in plaza (momoztli)","other","\""civic\"" structure, but not a temple",2
"free-standing wall or segment of wall","platform with other structures on it","wall or segment of a wall","other",3
"free-standing wall or segment of wall","platform with other structures on it","wall or segment of a wall","primary interpretation is the best assessment of a very ambiguous situation",2
"free-standing wall or segment of wall","primary interpretation is the best assessment of a very ambiguous situation","wall or segment of a wall","no plausible alternative to the pirmary interpretation",1
"free-standing wall or segment of wall","primary interpretation is the best assessment of a very ambiguous situation","wall or segment of a wall","primary interpretation is the best assessment of a very ambiguous situation",3
"occupation without durable structures","apartment compound","low status residential, no obvious occupational specialization","residence of uncertain status",2
"occupation without durable structures","apartment compound","obsidian workshop","no plausible alternative to the pirmary interpretation",2
"occupation without durable structures","apartment compound","obsidian workshop","residence of uncertain status",2
"occupation without durable structures","apartment compound","residence of uncertain status","primary interpretation is the best assessment of a very ambiguous situation",2
"occupation without durable structures","apartment compound",NA,"primary interpretation is the best assessment of a very ambiguous situation",2
"occupation without durable structures","casa humilde","cultivated field","low status residential, no obvious occupational specialization",4
"occupation without durable structures","casa humilde","low status residential, no obvious occupational specialization","no plausible alternative to the pirmary interpretation",9
"occupation without durable structures","casa humilde","low status residential, no obvious occupational specialization","obsidian workshop",1
"occupation without durable structures","casa humilde","low status residential, no obvious occupational specialization","primary interpretation is the best assessment of a very ambiguous situation",2
"occupation without durable structures","casa humilde","obsidian workshop","low status residential, no obvious occupational specialization",3
"occupation without durable structures","casa humilde","residence of uncertain status","primary interpretation is the best assessment of a very ambiguous situation",2
"occupation without durable structures","casa humilde",NA,"low status residential, no obvious occupational specialization",4
"occupation without durable structures","casa humilde",NA,"primary interpretation is the best assessment of a very ambiguous situation",3
"occupation without durable structures","cave","low status residential, no obvious occupational specialization","no plausible alternative to the pirmary interpretation",3
"occupation without durable structures","no plausible alternative to the primary interpretation","cultivated field","no plausible alternative to the pirmary interpretation",8
"occupation without durable structures","no plausible alternative to the primary interpretation","cultivated field","primary interpretation is the best assessment of a very ambiguous situation",2
"occupation without durable structures","no plausible alternative to the primary interpretation","low status residential, no obvious occupational specialization","no plausible alternative to the pirmary interpretation",20
"occupation without durable structures","no plausible alternative to the primary interpretation","low status residential, no obvious occupational specialization","primary interpretation is the best assessment of a very ambiguous situation",4
"occupation without durable structures","no plausible alternative to the primary interpretation","market or part of a market","low status residential, no obvious occupational specialization",3
"occupation without durable structures","no plausible alternative to the primary interpretation","obsidian workshop","no plausible alternative to the pirmary interpretation",17
"occupation without durable structures","no plausible alternative to the primary interpretation","obsidian workshop","puesto",2
"occupation without durable structures","no plausible alternative to the primary interpretation","other","primary interpretation is the best assessment of a very ambiguous situation",4
"occupation without durable structures","no plausible alternative to the primary interpretation","platform of probable religious significance","no plausible alternative to the pirmary interpretation",1
"occupation without durable structures","no plausible alternative to the primary interpretation","puesto","no plausible alternative to the pirmary interpretation",3
"occupation without durable structures","no plausible alternative to the primary interpretation","residence of uncertain status","primary interpretation is the best assessment of a very ambiguous situation",4
"occupation without durable structures","no plausible alternative to the primary interpretation","temple platform","no plausible alternative to the pirmary interpretation",2
"occupation without durable structures","no plausible alternative to the primary interpretation","unoccupied, not clear if cultivated or not","no plausible alternative to the pirmary interpretation",7
"occupation without durable structures","no plausible alternative to the primary interpretation",NA,"no plausible alternative to the pirmary interpretation",8
"occupation without durable structures","no plausible alternative to the primary interpretation",NA,"primary interpretation is the best assessment of a very ambiguous situation",91
"occupation without durable structures","occupation without durable structures","low status residential, no obvious occupational specialization","cultivated field",1
"occupation without durable structures","occupation without durable structures","low status residential, no obvious occupational specialization","no plausible alternative to the pirmary interpretation",1
"occupation without durable structures","occupation without durable structures","low status residential, no obvious occupational specialization","primary interpretation is the best assessment of a very ambiguous situation",1
"occupation without durable structures","plaza","other","plaza",4
"occupation without durable structures","plaza","plaza","no plausible alternative to the pirmary interpretation",3
"occupation without durable structures","plaza","puesto","market or part of a market",3
"occupation without durable structures","plaza","residence of uncertain status","plaza",3
"occupation without durable structures","plaza",NA,"plaza",31
"occupation without durable structures","primary interpretation is the best assessment of a very ambiguous situation","cultivated field","primary interpretation is the best assessment of a very ambiguous situation",14
"occupation without durable structures","primary interpretation is the best assessment of a very ambiguous situation","low status residential, no obvious occupational specialization","cultivated field",4
"occupation without durable structures","primary interpretation is the best assessment of a very ambiguous situation","low status residential, no obvious occupational specialization","no plausible alternative to the pirmary interpretation",3
"occupation without durable structures","primary interpretation is the best assessment of a very ambiguous situation","low status residential, no obvious occupational specialization","primary interpretation is the best assessment of a very ambiguous situation",16
"occupation without durable structures","primary interpretation is the best assessment of a very ambiguous situation","obsidian workshop","no plausible alternative to the pirmary interpretation",3
"occupation without durable structures","primary interpretation is the best assessment of a very ambiguous situation","obsidian workshop","primary interpretation is the best assessment of a very ambiguous situation",8
"occupation without durable structures","primary interpretation is the best assessment of a very ambiguous situation","obsidian workshop","puesto",2
"occupation without durable structures","primary interpretation is the best assessment of a very ambiguous situation","other type of workshop or craft production area","primary interpretation is the best assessment of a very ambiguous situation",6
"occupation without durable structures","primary interpretation is the best assessment of a very ambiguous situation","pottery workshop","no plausible alternative to the pirmary interpretation",2
"occupation without durable structures","primary interpretation is the best assessment of a very ambiguous situation","residence of uncertain status","primary interpretation is the best assessment of a very ambiguous situation",14
"occupation without durable structures","primary interpretation is the best assessment of a very ambiguous situation","unoccupied, not clear if cultivated or not","no plausible alternative to the pirmary interpretation",2
"occupation without durable structures","primary interpretation is the best assessment of a very ambiguous situation","unoccupied, not clear if cultivated or not","primary interpretation is the best assessment of a very ambiguous situation",20
"occupation without durable structures","primary interpretation is the best assessment of a very ambiguous situation",NA,"cultivated field",8
"occupation without durable structures","primary interpretation is the best assessment of a very ambiguous situation",NA,"no plausible alternative to the pirmary interpretation",15
"occupation without durable structures","primary interpretation is the best assessment of a very ambiguous situation",NA,"primary interpretation is the best assessment of a very ambiguous situation",628
"occupation without durable structures","primary interpretation is the best assessment of a very ambiguous situation",NA,"unoccupied, not clear if cultivated or not",3
"occupation without durable structures","probably not occupied or utilized in this period","low status residential, no obvious occupational specialization","unoccupied, not clear if cultivated or not",3
"occupation without durable structures","probably not occupied or utilized in this period","other","unoccupied, not clear if cultivated or not",2
"occupation without durable structures","probably not occupied or utilized in this period","residence of uncertain status","unoccupied, not clear if cultivated or not",7
"occupation without durable structures","probably not occupied or utilized in this period",NA,"primary interpretation is the best assessment of a very ambiguous situation",8
"occupation without durable structures","probably not occupied or utilized in this period",NA,"unoccupied, not clear if cultivated or not",7
"occupation without durable structures","room group","low status residential, no obvious occupational specialization","residence of uncertain status",1
"occupation without durable structures","room group","obsidian workshop","residence of uncertain status",1
"occupation without durable structures","room group","residence of uncertain status","primary interpretation is the best assessment of a very ambiguous situation",1
"occupation without durable structures","room group",NA,"primary interpretation is the best assessment of a very ambiguous situation",1
"occupation without durable structures","simple platform","low status residential, no obvious occupational specialization","no plausible alternative to the pirmary interpretation",1
"occupation without durable structures","simple platform",NA,"platform of probable religious significance",1
"occupation without durable structures","temple base (incl. platforms & multi-tiered platforms)",NA,"temple platform",2
"other","access-way (alley, street, avenue, etc.)","other","street or avenue",4
"other","no plausible alternative to the primary interpretation","obsidian workshop","no plausible alternative to the pirmary interpretation",3
"other","no plausible alternative to the primary interpretation","other","no plausible alternative to the pirmary interpretation",49
"other","no plausible alternative to the primary interpretation",NA,"primary interpretation is the best assessment of a very ambiguous situation",3
"other","occupation without durable structures","other","low status residential, no obvious occupational specialization",6
"other","primary interpretation is the best assessment of a very ambiguous situation","other","no plausible alternative to the pirmary interpretation",1
"other","primary interpretation is the best assessment of a very ambiguous situation","other","primary interpretation is the best assessment of a very ambiguous situation",6
"other","primary interpretation is the best assessment of a very ambiguous situation","other","residence of uncertain status",1
"other","primary interpretation is the best assessment of a very ambiguous situation",NA,"primary interpretation is the best assessment of a very ambiguous situation",20
"other","probably not occupied or utilized in this period","other","unoccupied, not clear if cultivated or not",1
"other","pyramid (more than ca. 10m high)","temple platform","no plausible alternative to the pirmary interpretation",2
"other","simple platform","platform of probable religious significance","no plausible alternative to the pirmary interpretation",3
"platform in plaza (momoztli)","no plausible alternative to the primary interpretation","momoztli (platform in plaza)","no plausible alternative to the pirmary interpretation",15
"platform in plaza (momoztli)","no plausible alternative to the primary interpretation","momoztli (platform in plaza)","primary interpretation is the best assessment of a very ambiguous situation",2
"platform in plaza (momoztli)","no plausible alternative to the primary interpretation","plaza","no plausible alternative to the pirmary interpretation",1
"platform with other structures on it","apartment compound","other","high status residence",4
"platform with other structures on it","apartment compound","platform of probable religious significance","high status residence",14
"platform with other structures on it","apartment compound","platform of probable religious significance","obsidian workshop",3
"platform with other structures on it","apartment compound","platform of probable religious significance","residence of uncertain status",4
"platform with other structures on it","apartment compound",NA,"primary interpretation is the best assessment of a very ambiguous situation",2
"platform with other structures on it","casa humilde","residence of uncertain status","platform of probable religious significance",2
"platform with other structures on it","free-standing wall or segment of wall","platform of probable religious significance","wall or segment of a wall",2
"platform with other structures on it","no plausible alternative to the primary interpretation","high status residence","no plausible alternative to the pirmary interpretation",9
"platform with other structures on it","no plausible alternative to the primary interpretation","intermediate status residence","no plausible alternative to the pirmary interpretation",12
"platform with other structures on it","no plausible alternative to the primary interpretation","other","no plausible alternative to the pirmary interpretation",8
"platform with other structures on it","no plausible alternative to the primary interpretation","other","primary interpretation is the best assessment of a very ambiguous situation",2
"platform with other structures on it","no plausible alternative to the primary interpretation","platform of probable religious significance","intermediate status residence",2
"platform with other structures on it","no plausible alternative to the primary interpretation","platform of probable religious significance","no plausible alternative to the pirmary interpretation",184
"platform with other structures on it","no plausible alternative to the primary interpretation","platform of probable religious significance","primary interpretation is the best assessment of a very ambiguous situation",19
"platform with other structures on it","no plausible alternative to the primary interpretation","platform of probable religious significance","temple platform",7
"platform with other structures on it","no plausible alternative to the primary interpretation","plaza","no plausible alternative to the pirmary interpretation",3
"platform with other structures on it","no plausible alternative to the primary interpretation","residence of uncertain status","no plausible alternative to the pirmary interpretation",6
"platform with other structures on it","no plausible alternative to the primary interpretation","temple platform","no plausible alternative to the pirmary interpretation",6
"platform with other structures on it","other","platform of probable religious significance","other",3
"platform with other structures on it","plaza","platform of probable religious significance","plaza",13
"platform with other structures on it","primary interpretation is the best assessment of a very ambiguous situation","high status residence","primary interpretation is the best assessment of a very ambiguous situation",1
"platform with other structures on it","primary interpretation is the best assessment of a very ambiguous situation","platform of probable religious significance","intermediate status residence",2
"platform with other structures on it","primary interpretation is the best assessment of a very ambiguous situation","platform of probable religious significance","primary interpretation is the best assessment of a very ambiguous situation",35
"platform with other structures on it","primary interpretation is the best assessment of a very ambiguous situation","temple platform","primary interpretation is the best assessment of a very ambiguous situation",3
"platform with other structures on it","primary interpretation is the best assessment of a very ambiguous situation",NA,"primary interpretation is the best assessment of a very ambiguous situation",9
"platform with other structures on it","room group","other","residence of uncertain status",2
"platform with other structures on it","room group","platform of probable religious significance","high status residence",6
"platform with other structures on it","room group","platform of probable religious significance","residence of uncertain status",9
"platform with other structures on it","room group",NA,"primary interpretation is the best assessment of a very ambiguous situation",1
"platform with other structures on it","simple platform","platform of probable religious significance","no plausible alternative to the pirmary interpretation",3
"platform with other structures on it","simple platform","platform of probable religious significance","primary interpretation is the best assessment of a very ambiguous situation",3
"platform with other structures on it","simple platform","temple platform","other",3
"platform with other structures on it","temple base (incl. platforms & multi-tiered platforms)","platform of probable religious significance","primary interpretation is the best assessment of a very ambiguous situation",3
"platform with other structures on it","temple base (incl. platforms & multi-tiered platforms)","platform of probable religious significance","temple platform",3
"platform with other structures on it","temple base (incl. platforms & multi-tiered platforms)","temple platform","other",3
"platform with other structures on it","temple base (incl. platforms & multi-tiered platforms)","temple platform","temple platform",2
"plaza","access-way (alley, street, avenue, etc.)","plaza","street or avenue",36
"plaza","apartment compound","plaza","high status residence",2
"plaza","apartment compound","plaza","intermediate status residence",2
"plaza","apartment compound","plaza","residence of uncertain status",2
"plaza","casa humilde","plaza","low status residential, no obvious occupational specialization",22
"plaza","casa humilde","plaza","residence of uncertain status",2
"plaza","cemetery","plaza","cemetery",2
"plaza","free-standing wall or segment of wall","market or part of a market","wall or segment of a wall",1
"plaza","free-standing wall or segment of wall","plaza","wall or segment of a wall",5
"plaza","no plausible alternative to the primary interpretation","market or part of a market","no plausible alternative to the pirmary interpretation",9
"plaza","no plausible alternative to the primary interpretation","market or part of a market","primary interpretation is the best assessment of a very ambiguous situation",6
"plaza","no plausible alternative to the primary interpretation","obsidian workshop","no plausible alternative to the pirmary interpretation",8
"plaza","no plausible alternative to the primary interpretation","other","\""civic\"" structure, but not a temple",10
"plaza","no plausible alternative to the primary interpretation","plaza","no plausible alternative to the pirmary interpretation",676
"plaza","no plausible alternative to the primary interpretation","plaza","possible ball court",2
"plaza","no plausible alternative to the primary interpretation","plaza","primary interpretation is the best assessment of a very ambiguous situation",36
"plaza","no plausible alternative to the primary interpretation","possible ball court","primary interpretation is the best assessment of a very ambiguous situation",3
"plaza","no plausible alternative to the primary interpretation","pottery workshop","no plausible alternative to the pirmary interpretation",2
"plaza","no plausible alternative to the primary interpretation","residence of uncertain status","no plausible alternative to the pirmary interpretation",1
"plaza","no plausible alternative to the primary interpretation",NA,"primary interpretation is the best assessment of a very ambiguous situation",2
"plaza","occupation without durable structures","obsidian workshop","plaza",3
"plaza","occupation without durable structures","plaza","no plausible alternative to the pirmary interpretation",1
"plaza","occupation without durable structures","plaza","obsidian workshop",3
"plaza","occupation without durable structures","plaza","primary interpretation is the best assessment of a very ambiguous situation",14
"plaza","occupation without durable structures",NA,"primary interpretation is the best assessment of a very ambiguous situation",3
"plaza","other","plaza","other",2
"plaza","other","plaza","possible ball court",3
"plaza","platform with other structures on it","plaza","other",3
"plaza","platform with other structures on it","plaza","platform of probable religious significance",3
"plaza","plaza","plaza","plaza",4
"plaza","plaza","plaza","possible ball court",2
"plaza","primary interpretation is the best assessment of a very ambiguous situation","cultivated field","primary interpretation is the best assessment of a very ambiguous situation",3
"plaza","primary interpretation is the best assessment of a very ambiguous situation","market or part of a market","obsidian workshop",3
"plaza","primary interpretation is the best assessment of a very ambiguous situation","market or part of a market","possible ball court",3
"plaza","primary interpretation is the best assessment of a very ambiguous situation","momoztli (platform in plaza)","primary interpretation is the best assessment of a very ambiguous situation",1
"plaza","primary interpretation is the best assessment of a very ambiguous situation","plaza","momoztli (platform in plaza)",3
"plaza","primary interpretation is the best assessment of a very ambiguous situation","plaza","no plausible alternative to the pirmary interpretation",4
"plaza","primary interpretation is the best assessment of a very ambiguous situation","plaza","other",1
"plaza","primary interpretation is the best assessment of a very ambiguous situation","plaza","possible ball court",1
"plaza","primary interpretation is the best assessment of a very ambiguous situation","plaza","primary interpretation is the best assessment of a very ambiguous situation",128
"plaza","primary interpretation is the best assessment of a very ambiguous situation","possible ball court","plaza",6
"plaza","primary interpretation is the best assessment of a very ambiguous situation","possible ball court","primary interpretation is the best assessment of a very ambiguous situation",4
"plaza","primary interpretation is the best assessment of a very ambiguous situation","street or avenue","primary interpretation is the best assessment of a very ambiguous situation",6
"plaza","primary interpretation is the best assessment of a very ambiguous situation","unoccupied, not clear if cultivated or not","primary interpretation is the best assessment of a very ambiguous situation",2
"plaza","primary interpretation is the best assessment of a very ambiguous situation",NA,"primary interpretation is the best assessment of a very ambiguous situation",27
"plaza","probably not occupied or utilized in this period","plaza","unoccupied, not clear if cultivated or not",9
"plaza","room group","plaza","intermediate status residence",1
"plaza","room group","plaza","residence of uncertain status",1
"plaza","simple platform","plaza","platform of probable religious significance",3
"probably not occupied or utilized in this period","access-way (alley, street, avenue, etc.)","unoccupied, not clear if cultivated or not","other",1
"probably not occupied or utilized in this period","apartment compound","unoccupied, not clear if cultivated or not","intermediate status residence",5
"probably not occupied or utilized in this period","apartment compound","unoccupied, not clear if cultivated or not","residence of uncertain status",3
"probably not occupied or utilized in this period","casa humilde","unoccupied, not clear if cultivated or not","low status residential, no obvious occupational specialization",55
"probably not occupied or utilized in this period","casa humilde","unoccupied, not clear if cultivated or not","primary interpretation is the best assessment of a very ambiguous situation",1
"probably not occupied or utilized in this period","casa humilde","unoccupied, not clear if cultivated or not","residence of uncertain status",10
"probably not occupied or utilized in this period","casa humilde",NA,"primary interpretation is the best assessment of a very ambiguous situation",2
"probably not occupied or utilized in this period","cemetery","unoccupied, not clear if cultivated or not","primary interpretation is the best assessment of a very ambiguous situation",1
"probably not occupied or utilized in this period","no plausible alternative to the primary interpretation","\""civic\"" structure, but not a temple","no plausible alternative to the pirmary interpretation",8
"probably not occupied or utilized in this period","no plausible alternative to the primary interpretation","avenue divider","no plausible alternative to the pirmary interpretation",1
"probably not occupied or utilized in this period","no plausible alternative to the primary interpretation","cultivated field","primary interpretation is the best assessment of a very ambiguous situation",52
"probably not occupied or utilized in this period","no plausible alternative to the primary interpretation","high status residence","no plausible alternative to the pirmary interpretation",1
"probably not occupied or utilized in this period","no plausible alternative to the primary interpretation","intermediate status residence","no plausible alternative to the pirmary interpretation",3
"probably not occupied or utilized in this period","no plausible alternative to the primary interpretation","low status residential, no obvious occupational specialization","no plausible alternative to the pirmary interpretation",10
"probably not occupied or utilized in this period","no plausible alternative to the primary interpretation","low status residential, no obvious occupational specialization","primary interpretation is the best assessment of a very ambiguous situation",1
"probably not occupied or utilized in this period","no plausible alternative to the primary interpretation","plaza","no plausible alternative to the pirmary interpretation",4
"probably not occupied or utilized in this period","no plausible alternative to the primary interpretation","residence of uncertain status","no plausible alternative to the pirmary interpretation",9
"probably not occupied or utilized in this period","no plausible alternative to the primary interpretation","residence of uncertain status","residence of uncertain status",1
"probably not occupied or utilized in this period","no plausible alternative to the primary interpretation","residential workshop","no plausible alternative to the pirmary interpretation",1
"probably not occupied or utilized in this period","no plausible alternative to the primary interpretation","residential workshop","primary interpretation is the best assessment of a very ambiguous situation",1
"probably not occupied or utilized in this period","no plausible alternative to the primary interpretation","uncultivated open area","no plausible alternative to the pirmary interpretation",3
"probably not occupied or utilized in this period","no plausible alternative to the primary interpretation","unoccupied, not clear if cultivated or not","cultivated field",4
"probably not occupied or utilized in this period","no plausible alternative to the primary interpretation","unoccupied, not clear if cultivated or not","no plausible alternative to the pirmary interpretation",3602
"probably not occupied or utilized in this period","no plausible alternative to the primary interpretation","unoccupied, not clear if cultivated or not","primary interpretation is the best assessment of a very ambiguous situation",57
"probably not occupied or utilized in this period","no plausible alternative to the primary interpretation","unoccupied, not clear if cultivated or not","unoccupied, not clear if cultivated or not",3
"probably not occupied or utilized in this period","no plausible alternative to the primary interpretation",NA,"no plausible alternative to the pirmary interpretation",503
"probably not occupied or utilized in this period","no plausible alternative to the primary interpretation",NA,"primary interpretation is the best assessment of a very ambiguous situation",281
"probably not occupied or utilized in this period","occupation without durable structures","low status residential, no obvious occupational specialization","no plausible alternative to the pirmary interpretation",1
"probably not occupied or utilized in this period","occupation without durable structures","low status residential, no obvious occupational specialization","primary interpretation is the best assessment of a very ambiguous situation",2
"probably not occupied or utilized in this period","occupation without durable structures","unoccupied, not clear if cultivated or not","low status residential, no obvious occupational specialization",3
"probably not occupied or utilized in this period","occupation without durable structures","unoccupied, not clear if cultivated or not","obsidian workshop",3
"probably not occupied or utilized in this period","occupation without durable structures","unoccupied, not clear if cultivated or not","primary interpretation is the best assessment of a very ambiguous situation",9
"probably not occupied or utilized in this period","occupation without durable structures","unoccupied, not clear if cultivated or not","residence of uncertain status",16
"probably not occupied or utilized in this period","occupation without durable structures",NA,"cultivated field",3
"probably not occupied or utilized in this period","occupation without durable structures",NA,"primary interpretation is the best assessment of a very ambiguous situation",19
"probably not occupied or utilized in this period","other","unoccupied, not clear if cultivated or not","no plausible alternative to the pirmary interpretation",3
"probably not occupied or utilized in this period","other","unoccupied, not clear if cultivated or not","primary interpretation is the best assessment of a very ambiguous situation",3
"probably not occupied or utilized in this period","other",NA,"unoccupied, not clear if cultivated or not",4
"probably not occupied or utilized in this period","plaza","low status residential, no obvious occupational specialization","plaza",1
"probably not occupied or utilized in this period","plaza","unoccupied, not clear if cultivated or not","obsidian workshop",1
"probably not occupied or utilized in this period","plaza","unoccupied, not clear if cultivated or not","plaza",4
"probably not occupied or utilized in this period","plaza","unoccupied, not clear if cultivated or not","primary interpretation is the best assessment of a very ambiguous situation",1
"probably not occupied or utilized in this period","primary interpretation is the best assessment of a very ambiguous situation","\""civic\"" structure, but not a temple","primary interpretation is the best assessment of a very ambiguous situation",2
"probably not occupied or utilized in this period","primary interpretation is the best assessment of a very ambiguous situation","altar","primary interpretation is the best assessment of a very ambiguous situation",1
"probably not occupied or utilized in this period","primary interpretation is the best assessment of a very ambiguous situation","low status residential, no obvious occupational specialization","cultivated field",1
"probably not occupied or utilized in this period","primary interpretation is the best assessment of a very ambiguous situation","low status residential, no obvious occupational specialization","primary interpretation is the best assessment of a very ambiguous situation",1
"probably not occupied or utilized in this period","primary interpretation is the best assessment of a very ambiguous situation","other","primary interpretation is the best assessment of a very ambiguous situation",1
"probably not occupied or utilized in this period","primary interpretation is the best assessment of a very ambiguous situation","plaza","primary interpretation is the best assessment of a very ambiguous situation",1
"probably not occupied or utilized in this period","primary interpretation is the best assessment of a very ambiguous situation","residence of uncertain status","no plausible alternative to the pirmary interpretation",1
"probably not occupied or utilized in this period","primary interpretation is the best assessment of a very ambiguous situation","residence of uncertain status","primary interpretation is the best assessment of a very ambiguous situation",2
"probably not occupied or utilized in this period","primary interpretation is the best assessment of a very ambiguous situation","unoccupied, not clear if cultivated or not","no plausible alternative to the pirmary interpretation",51
"probably not occupied or utilized in this period","primary interpretation is the best assessment of a very ambiguous situation","unoccupied, not clear if cultivated or not","primary interpretation is the best assessment of a very ambiguous situation",754
"probably not occupied or utilized in this period","primary interpretation is the best assessment of a very ambiguous situation","unoccupied, not clear if cultivated or not","residence of uncertain status",2
"probably not occupied or utilized in this period","primary interpretation is the best assessment of a very ambiguous situation",NA,"no plausible alternative to the pirmary interpretation",48
"probably not occupied or utilized in this period","primary interpretation is the best assessment of a very ambiguous situation",NA,"primary interpretation is the best assessment of a very ambiguous situation",1014
"probably not occupied or utilized in this period","probably not occupied or utilized in this period","residence of uncertain status","unoccupied, not clear if cultivated or not",1
"probably not occupied or utilized in this period","probably not occupied or utilized in this period","unoccupied, not clear if cultivated or not","no plausible alternative to the pirmary interpretation",3
"probably not occupied or utilized in this period","probably not occupied or utilized in this period",NA,"no plausible alternative to the pirmary interpretation",1
"probably not occupied or utilized in this period","room group","unoccupied, not clear if cultivated or not","intermediate status residence",1
"probably not occupied or utilized in this period","room group","unoccupied, not clear if cultivated or not","residence of uncertain status",17
"probably not occupied or utilized in this period","room group","unoccupied, not clear if cultivated or not","residential workshop",1
"probably not occupied or utilized in this period","simple platform","unoccupied, not clear if cultivated or not","no plausible alternative to the pirmary interpretation",1
"probably not occupied or utilized in this period","simple platform","unoccupied, not clear if cultivated or not","platform of probable religious significance",1
"probably not occupied or utilized in this period","simple platform","unoccupied, not clear if cultivated or not","primary interpretation is the best assessment of a very ambiguous situation",1
"probably not occupied or utilized in this period","temple base (incl. platforms & multi-tiered platforms)","unoccupied, not clear if cultivated or not","temple platform",1
"pyramid (more than ca. 10m high)","no plausible alternative to the primary interpretation","pyramid temple (over 10 m high)","no plausible alternative to the pirmary interpretation",22
"pyramid (more than ca. 10m high)","primary interpretation is the best assessment of a very ambiguous situation","pyramid temple (over 10 m high)","primary interpretation is the best assessment of a very ambiguous situation",3
"pyramid (more than ca. 10m high)","temple base (incl. platforms & multi-tiered platforms)","pyramid temple (over 10 m high)","temple platform",2
"room group","apartment compound","high status residence","no plausible alternative to the pirmary interpretation",2
"room group","casa humilde","intermediate status residence","low status residential, no obvious occupational specialization",2
"room group","casa humilde","residence of uncertain status","low status residential, no obvious occupational specialization",3
"room group","casa humilde","residence of uncertain status","no plausible alternative to the pirmary interpretation",1
"room group","casa humilde","residence of uncertain status","primary interpretation is the best assessment of a very ambiguous situation",3
"room group","cemetery","residence of uncertain status","primary interpretation is the best assessment of a very ambiguous situation",1
"room group","no plausible alternative to the primary interpretation","high status residence","no plausible alternative to the pirmary interpretation",45
"room group","no plausible alternative to the primary interpretation","high status residence","other",8
"room group","no plausible alternative to the primary interpretation","high status residence","primary interpretation is the best assessment of a very ambiguous situation",2
"room group","no plausible alternative to the primary interpretation","intermediate status residence","no plausible alternative to the pirmary interpretation",89
"room group","no plausible alternative to the primary interpretation","low status residential, no obvious occupational specialization","no plausible alternative to the pirmary interpretation",5
"room group","no plausible alternative to the primary interpretation","obsidian workshop","no plausible alternative to the pirmary interpretation",8
"room group","no plausible alternative to the primary interpretation","obsidian workshop","residence of uncertain status",12
"room group","no plausible alternative to the primary interpretation","obsidian workshop","residential workshop",2
"room group","no plausible alternative to the primary interpretation","other","obsidian workshop",1
"room group","no plausible alternative to the primary interpretation","pottery workshop","primary interpretation is the best assessment of a very ambiguous situation",2
"room group","no plausible alternative to the primary interpretation","residence of uncertain status","\""civic\"" structure, but not a temple",6
"room group","no plausible alternative to the primary interpretation","residence of uncertain status","low status residential, no obvious occupational specialization",1
"room group","no plausible alternative to the primary interpretation","residence of uncertain status","no plausible alternative to the pirmary interpretation",1558
"room group","no plausible alternative to the primary interpretation","residence of uncertain status","obsidian workshop",5
"room group","no plausible alternative to the primary interpretation","residence of uncertain status","other",5
"room group","no plausible alternative to the primary interpretation","residence of uncertain status","other type of workshop or craft production area",7
"room group","no plausible alternative to the primary interpretation","residence of uncertain status","primary interpretation is the best assessment of a very ambiguous situation",22
"room group","no plausible alternative to the primary interpretation","residence of uncertain status","residence of uncertain status",8
"room group","no plausible alternative to the primary interpretation","residence of uncertain status","residential workshop",8
"room group","no plausible alternative to the primary interpretation","residence of uncertain status","temple platform",1
"room group","no plausible alternative to the primary interpretation","residential workshop","intermediate status residence",1
"room group","no plausible alternative to the primary interpretation","residential workshop","no plausible alternative to the pirmary interpretation",16
"room group","no plausible alternative to the primary interpretation","residential workshop","obsidian workshop",11
"room group","no plausible alternative to the primary interpretation","residential workshop","other type of workshop or craft production area",1
"room group","no plausible alternative to the primary interpretation","residential workshop","primary interpretation is the best assessment of a very ambiguous situation",2
"room group","no plausible alternative to the primary interpretation","residential workshop","residence of uncertain status",22
"room group","no plausible alternative to the primary interpretation","residential workshop","street or avenue",1
"room group","no plausible alternative to the primary interpretation","residential workshop","unoccupied, not clear if cultivated or not",1
"room group","no plausible alternative to the primary interpretation",NA,"no plausible alternative to the pirmary interpretation",5
"room group","no plausible alternative to the primary interpretation",NA,"primary interpretation is the best assessment of a very ambiguous situation",16
"room group","occupation without durable structures","residence of uncertain status","obsidian workshop",1
"room group","other","residence of uncertain status","no plausible alternative to the pirmary interpretation",1
"room group","platform with other structures on it","high status residence","no plausible alternative to the pirmary interpretation",2
"room group","platform with other structures on it","residence of uncertain status","no plausible alternative to the pirmary interpretation",2
"room group","platform with other structures on it","residence of uncertain status","other",2
"room group","platform with other structures on it","residence of uncertain status","platform of probable religious significance",1
"room group","plaza","residence of uncertain status","plaza",2
"room group","plaza",NA,"primary interpretation is the best assessment of a very ambiguous situation",1
"room group","primary interpretation is the best assessment of a very ambiguous situation","high status residence","primary interpretation is the best assessment of a very ambiguous situation",5
"room group","primary interpretation is the best assessment of a very ambiguous situation","intermediate status residence","low status residential, no obvious occupational specialization",2
"room group","primary interpretation is the best assessment of a very ambiguous situation","intermediate status residence","no plausible alternative to the pirmary interpretation",2
"room group","primary interpretation is the best assessment of a very ambiguous situation","intermediate status residence","primary interpretation is the best assessment of a very ambiguous situation",23
"room group","primary interpretation is the best assessment of a very ambiguous situation","low status residential, no obvious occupational specialization","primary interpretation is the best assessment of a very ambiguous situation",2
"room group","primary interpretation is the best assessment of a very ambiguous situation","obsidian workshop","no plausible alternative to the pirmary interpretation",1
"room group","primary interpretation is the best assessment of a very ambiguous situation","obsidian workshop","residence of uncertain status",1
"room group","primary interpretation is the best assessment of a very ambiguous situation","other","primary interpretation is the best assessment of a very ambiguous situation",1
"room group","primary interpretation is the best assessment of a very ambiguous situation","platform of probable religious significance","primary interpretation is the best assessment of a very ambiguous situation",3
"room group","primary interpretation is the best assessment of a very ambiguous situation","residence of uncertain status","no plausible alternative to the pirmary interpretation",41
"room group","primary interpretation is the best assessment of a very ambiguous situation","residence of uncertain status","primary interpretation is the best assessment of a very ambiguous situation",335
"room group","primary interpretation is the best assessment of a very ambiguous situation","residence of uncertain status","residential workshop",1
"room group","primary interpretation is the best assessment of a very ambiguous situation","residential workshop","obsidian workshop",1
"room group","primary interpretation is the best assessment of a very ambiguous situation","residential workshop","primary interpretation is the best assessment of a very ambiguous situation",1
"room group","primary interpretation is the best assessment of a very ambiguous situation","residential workshop","residence of uncertain status",1
"room group","primary interpretation is the best assessment of a very ambiguous situation","temple platform","primary interpretation is the best assessment of a very ambiguous situation",3
"room group","primary interpretation is the best assessment of a very ambiguous situation","unoccupied, not clear if cultivated or not","primary interpretation is the best assessment of a very ambiguous situation",1
"room group","primary interpretation is the best assessment of a very ambiguous situation",NA,"no plausible alternative to the pirmary interpretation",2
"room group","primary interpretation is the best assessment of a very ambiguous situation",NA,"primary interpretation is the best assessment of a very ambiguous situation",22
"room group","probably not occupied or utilized in this period","intermediate status residence","primary interpretation is the best assessment of a very ambiguous situation",1
"room group","probably not occupied or utilized in this period","intermediate status residence","unoccupied, not clear if cultivated or not",1
"room group","probably not occupied or utilized in this period","residence of uncertain status","primary interpretation is the best assessment of a very ambiguous situation",2
"room group","probably not occupied or utilized in this period","residence of uncertain status","unoccupied, not clear if cultivated or not",23
"room group","room group","residence of uncertain status","no plausible alternative to the pirmary interpretation",1
"room group","room group","residence of uncertain status","obsidian workshop",1
"room group","simple platform","intermediate status residence","temple platform",1
"room group","simple platform","residence of uncertain status","other",1
"room group","simple platform","residence of uncertain status","platform of probable religious significance",2
"room group","simple platform","residence of uncertain status","primary interpretation is the best assessment of a very ambiguous situation",1
"room group","simple platform","residence of uncertain status","probably temple, hard to fit into any of the above categories",1
"room group","simple platform","residential workshop","no plausible alternative to the pirmary interpretation",1
"room group","temple base (incl. platforms & multi-tiered platforms)","residence of uncertain status","probably temple, hard to fit into any of the above categories",1
"room group","temple base (incl. platforms & multi-tiered platforms)","residence of uncertain status","temple",1
"room group","temple base (incl. platforms & multi-tiered platforms)",NA,"primary interpretation is the best assessment of a very ambiguous situation",3
"simple platform","apartment compound","platform of probable religious significance","intermediate status residence",2
"simple platform","apartment compound","platform of probable religious significance","primary interpretation is the best assessment of a very ambiguous situation",2
"simple platform","apartment compound","platform of probable religious significance","residence of uncertain status",4
"simple platform","apartment compound",NA,"intermediate status residence",2
"simple platform","no plausible alternative to the primary interpretation","\""civic\"" structure, but not a temple","temple platform",2
"simple platform","no plausible alternative to the primary interpretation","altar","no plausible alternative to the pirmary interpretation",2
"simple platform","no plausible alternative to the primary interpretation","intermediate status residence","no plausible alternative to the pirmary interpretation",1
"simple platform","no plausible alternative to the primary interpretation","other","no plausible alternative to the pirmary interpretation",14
"simple platform","no plausible alternative to the primary interpretation","platform of probable religious significance","no plausible alternative to the pirmary interpretation",366
"simple platform","no plausible alternative to the primary interpretation","platform of probable religious significance","pottery workshop",2
"simple platform","no plausible alternative to the primary interpretation","platform of probable religious significance","primary interpretation is the best assessment of a very ambiguous situation",43
"simple platform","no plausible alternative to the primary interpretation","platform of probable religious significance","residence of uncertain status",1
"simple platform","no plausible alternative to the primary interpretation","plaza","plaza",6
"simple platform","no plausible alternative to the primary interpretation","residence of uncertain status","no plausible alternative to the pirmary interpretation",1
"simple platform","no plausible alternative to the primary interpretation","temple platform","no plausible alternative to the pirmary interpretation",16
"simple platform","no plausible alternative to the primary interpretation","unoccupied, not clear if cultivated or not","no plausible alternative to the pirmary interpretation",1
"simple platform","no plausible alternative to the primary interpretation","unoccupied, not clear if cultivated or not","primary interpretation is the best assessment of a very ambiguous situation",1
"simple platform","no plausible alternative to the primary interpretation",NA,"primary interpretation is the best assessment of a very ambiguous situation",1
"simple platform","platform with other structures on it","platform of probable religious significance","no plausible alternative to the pirmary interpretation",11
"simple platform","platform with other structures on it","platform of probable religious significance","other",3
"simple platform","platform with other structures on it","residence of uncertain status","other",1
"simple platform","plaza","platform of probable religious significance","plaza",15
"simple platform","primary interpretation is the best assessment of a very ambiguous situation","momoztli (platform in plaza)","primary interpretation is the best assessment of a very ambiguous situation",3
"simple platform","primary interpretation is the best assessment of a very ambiguous situation","platform of probable religious significance","no plausible alternative to the pirmary interpretation",5
"simple platform","primary interpretation is the best assessment of a very ambiguous situation","platform of probable religious significance","primary interpretation is the best assessment of a very ambiguous situation",38
"simple platform","primary interpretation is the best assessment of a very ambiguous situation","plaza","primary interpretation is the best assessment of a very ambiguous situation",3
"simple platform","primary interpretation is the best assessment of a very ambiguous situation","residence of uncertain status","platform of probable religious significance",1
"simple platform","primary interpretation is the best assessment of a very ambiguous situation","temple platform","primary interpretation is the best assessment of a very ambiguous situation",2
"simple platform","primary interpretation is the best assessment of a very ambiguous situation",NA,"primary interpretation is the best assessment of a very ambiguous situation",1
"simple platform","room group","platform of probable religious significance","residence of uncertain status",3
"simple platform","room group",NA,"residence of uncertain status",1
"simple platform","simple platform","platform of probable religious significance","no plausible alternative to the pirmary interpretation",4
"simple platform","simple platform","platform of probable religious significance","other",3
"simple platform","temple base (incl. platforms & multi-tiered platforms)","platform of probable religious significance","no plausible alternative to the pirmary interpretation",2
"simple platform","temple base (incl. platforms & multi-tiered platforms)","platform of probable religious significance","temple platform",10
"temple base (incl. platforms & multi-tiered platforms)","apartment compound","temple platform","residence of uncertain status",4
"temple base (incl. platforms & multi-tiered platforms)","no plausible alternative to the primary interpretation","probably temple, hard to fit into any of the above categories","no plausible alternative to the pirmary interpretation",44
"temple base (incl. platforms & multi-tiered platforms)","no plausible alternative to the primary interpretation","temple","no plausible alternative to the pirmary interpretation",9
"temple base (incl. platforms & multi-tiered platforms)","no plausible alternative to the primary interpretation","temple platform","high status residence",2
"temple base (incl. platforms & multi-tiered platforms)","no plausible alternative to the primary interpretation","temple platform","intermediate status residence",2
"temple base (incl. platforms & multi-tiered platforms)","no plausible alternative to the primary interpretation","temple platform","no plausible alternative to the pirmary interpretation",408
"temple base (incl. platforms & multi-tiered platforms)","no plausible alternative to the primary interpretation","temple platform","primary interpretation is the best assessment of a very ambiguous situation",23
"temple base (incl. platforms & multi-tiered platforms)","no plausible alternative to the primary interpretation","temple platform","temple",1
"temple base (incl. platforms & multi-tiered platforms)","no plausible alternative to the primary interpretation","unoccupied, not clear if cultivated or not","no plausible alternative to the pirmary interpretation",1
"temple base (incl. platforms & multi-tiered platforms)","platform in plaza (momoztli)","temple platform","momoztli (platform in plaza)",3
"temple base (incl. platforms & multi-tiered platforms)","platform with other structures on it","temple platform","no plausible alternative to the pirmary interpretation",2
"temple base (incl. platforms & multi-tiered platforms)","platform with other structures on it","temple platform","platform of probable religious significance",5
"temple base (incl. platforms & multi-tiered platforms)","plaza","temple platform","plaza",4
"temple base (incl. platforms & multi-tiered platforms)","primary interpretation is the best assessment of a very ambiguous situation","other","primary interpretation is the best assessment of a very ambiguous situation",3
"temple base (incl. platforms & multi-tiered platforms)","primary interpretation is the best assessment of a very ambiguous situation","platform of probable religious significance","primary interpretation is the best assessment of a very ambiguous situation",3
"temple base (incl. platforms & multi-tiered platforms)","primary interpretation is the best assessment of a very ambiguous situation","residence of uncertain status","primary interpretation is the best assessment of a very ambiguous situation",1
"temple base (incl. platforms & multi-tiered platforms)","primary interpretation is the best assessment of a very ambiguous situation","temple platform","no plausible alternative to the pirmary interpretation",5
"temple base (incl. platforms & multi-tiered platforms)","primary interpretation is the best assessment of a very ambiguous situation","temple platform","primary interpretation is the best assessment of a very ambiguous situation",37
"temple base (incl. platforms & multi-tiered platforms)","simple platform","temple platform","platform of probable religious significance",8
NA,"no plausible alternative to the primary interpretation","platform of probable religious significance","no plausible alternative to the pirmary interpretation",1
NA,"no plausible alternative to the primary interpretation","unoccupied, not clear if cultivated or not","no plausible alternative to the pirmary interpretation",1
NA,"no plausible alternative to the primary interpretation","unoccupied, not clear if cultivated or not","primary interpretation is the best assessment of a very ambiguous situation",1
NA,"no plausible alternative to the primary interpretation",NA,"primary interpretation is the best assessment of a very ambiguous situation",6
NA,"primary interpretation is the best assessment of a very ambiguous situation","cultivated field","primary interpretation is the best assessment of a very ambiguous situation",1
NA,"primary interpretation is the best assessment of a very ambiguous situation","residence of uncertain status","primary interpretation is the best assessment of a very ambiguous situation",1
NA,"primary interpretation is the best assessment of a very ambiguous situation",NA,"primary interpretation is the best assessment of a very ambiguous situation",197
NA,"probably not occupied or utilized in this period",NA,"unoccupied, not clear if cultivated or not",6
