varID,df8_names,JOIN,NewNamesJoin
1,SSN,SSN,SSN
2,SITE,SITE,SITE
3,SUBSITE,SUBSITE,SUBSITE
4,UNIT,UNIT,UNIT
5,NORTHING,NORTHING,NORTHING
6,EASTING,EASTING,EASTING
7,FLDWRK1,FLDWRK1,FLDWRK1
8,FLDWRK2,FLDWRK2,FLDWRK2
9,FLDWRK3,FLDWRK3,FLDWRK3
10,FLDWRK4,FLDWRK4,FLDWRK4
11,FLDWRK5,FLDWRK5,FLDWRK5
12,COLLYEAR,COLLYEAR,COLLYEAR
13,COLLQURT,COLLQURT,COLLQURT
14,LSTBUILD,LSTBUILD,LSTBUILD
15,BURIALS,BURIALS,BURIALS
16,MIDDEN,MIDDEN,MIDDEN
17,QNTSTONE,QNTSTONE,QNTSTONE
18,DSTSTONE,DSTSTONE,DSTSTONE
19,CUTSTONE,CUTSTONE,CUTSTONE
20,LAJAS,LAJAS,LAJAS
21,TEPETATE,TEPETATE,TEPETATE
22,ADOBE,ADOBE,ADOBE
23,XALNENE,XALNENE,XALNENE
24,CASCAJO,CASCAJO,CASCAJO
25,CONCRETE,CONCRETE,CONCRETE
26,PLSTRUNP,PLSTRUNP,PLSTRUNP
27,PLSTRPNT,PLSTRPNT,PLSTRPNT
28,BURNCLAY,BURNCLAY,BURNCLAY
29,ALMENA,ALMENA,ALMENA
30,BRNDSTRC,BRNDSTRC,BRNDSTRC
31,FLOORS,FLOORS,FLOORS
32,WALLS,WALLS,WALLS
33,DRAINS,DRAINS,DRAINS_ARCH
34,WALLFIXT,WALLFIXT,WALLFIXT
35,MURALS,MURALS,MURALS
36,COLUMNS,COLUMNS,COLUMNS
37,TALUDES,TALUDES,TALUDES
38,TABLEROS,TABLEROS,TABLEROS
39,SITUFLRS,SITUFLRS,SITUFLRS
40,TALUDSTN,TALUDSTN,TALUDSTN
41,WALLMATR,WALLMATR,WALLMATR
42,WALLFACE,WALLFACE,WALLFACE
43,INTRUSHD,INTRUSHD,INTRUSHD
44,HEIGHT,HEIGHT,HEIGHT
45,PMICARC1,PMICARC1,PMICARC1
46,MCTLARC1,MCTLARC1,MCTLARC1
47,XLMEARC1,XLMEARC1,XLMEARC1
48,OXTOARC1,OXTOARC1,OXTOARC1
49,PMICARC2,PMICARC2,PMICARC2
50,MCTLARC2,MCTLARC2,MCTLARC2
51,XLMEARC2,XLMEARC2,XLMEARC2
52,OXTOARC2,OXTOARC2,OXTOARC2
53,QUALCNST,QUALCNST,QUALCNST
54,PMICFNC1,PMICFNC1,PMICFNC1
55,MCTLFNC1,MCTLFNC1,MCTLFNC1
56,XLMEFNC1,XLMEFNC1,XLMEFNC1
57,OXTOFNC1,OXTOFNC1,OXTOFNC1
58,PMICFNC2,PMICFNC2,PMICFNC2
59,MCTLFNC2,MCTLFNC2,MCTLFNC2
60,XLMEFNC2,XLMEFNC2,XLMEFNC2
61,OXTOFNC2,OXTOFNC2,OXTOFNC2
62,PTTZCX1,PTTZCX1,PTTZCX1
63,MCTLCX1,MCTLCX1,MCTLCX1
64,XLMECX1,XLMECX1,XLMECX1
65,PTTZCX2,PTTZCX2,PTTZCX2
66,MCTLCX2,MCTLCX2,MCTLCX2
67,XLMECX2,XLMECX2,XLMECX2
68,PTTZCXFN,PTTZCXFN,PTTZCXFN
69,MCTLCXFN,MCTLCXFN,MCTLCXFN
70,XLMECXFN,XLMECXFN,XLMECXFN
71,PTTZRSFN,PTTZRSFN,PTTZRSFN
72,MCTLRSFN,MCTLRSFN,MCTLRSFN
73,XLMERSFN,XLMERSFN,XLMERSFN
74,PTTZTMFN,PTTZTMFN,PTTZTMFN
75,MCTLTMFN,MCTLTMFN,MCTLTMFN
76,XLMETMFN,XLMETMFN,XLMETMFN
77,PTTZCVFN,PTTZCVFN,PTTZCVFN
78,MCTLCVFN,MCTLCVFN,MCTLCVFN
79,XLMECVFN,XLMECVFN,XLMECVFN
80,XLMEOTFN,XLMEOTFN,XLMEOTFN
81,CXUNITN,CXUNITN,CXUNITN
82,CXUNIT,CXUNIT,CXUNIT
83,MCXUNITN,MCXUNITN,MCXUNITN
84,MCXUNIT,MCXUNIT,MCXUNIT
85,PTTZMCX,PTTZMCX,PTTZMCX
86,MCTLMCX,MCTLMCX,MCTLMCX
87,XLMEMCX,XLMEMCX,XLMEMCX
88,PTTZMXFN,PTTZMXFN,PTTZMXFN
89,TLXLMXFN,TLXLMXFN,TLXLMXFN
90,XLMEMXFN,XLMEMXFN,XLMEMXFN
91,NHOODCHR,NHOODCHR,NHOODCHR
92,FRSTNDWL,FRSTNDWL,FRSTNDWL
93,WELLS,WELLS,WELLS
94,JAGUEYS,JAGUEYS,JAGUEYS
95,PUESTOS,PUESTOS,PUESTOS
96,MILPA,MILPA,MILPA
97,BARLEY,BARLEY,BARLEY
98,BEANS,BEANS,BEANS
99,CUTALFAL,CUTALFAL,CUTALFAL
100,UNCALFAL,UNCALFAL,UNCALFAL
101,NOPALES,NOPALES,NOPALES
102,MAGUEYS,MAGUEYS,MAGUEYS
103,FALLOWLD,FALLOWLD,FALLOWLD
104,UNCULTIV,UNCULTIV,UNCULTIV
105,CROPWATR,CROPWATR,CROPWATR
106,PLOWING,PLOWING,PLOWING
107,CULTPITS,CULTPITS,CULTPITS
108,LOOTPITS,LOOTPITS,LOOTPITS
109,ARCHEXCV,ARCHEXCV,ARCHEXCV
110,MISCPITS,MISCPITS,MISCPITS
111,QRRYING,QRRYING,QURRYING
112,CLRSTONE,CLRSTONE,CLRSTONE
113,LDLVLING,LDLVLING,LDLVLING
114,TERRACNG,TERRACNG,TERRACNG
115,DITCHING,DITCHING,DITCHING
116,ROADORRR,ROADORRR,ROADORRR
117,RCNTWALL,RCNTWALL,RCNTWALL
118,STONERWS,STONERWS,STONERWS
119,RCNTBLDG,RCNTBLDG,RCNTBLDG
120,DAM,DAM,DAM
121,JAGUEY,JAGUEY,JAGUEY
122,EROSION,EROSION,EROSION
123,SILTING,SILTING,SILTING
124,OBSCSITE,OBSCSITE,OBSCSITE
125,SLOPE,SLOPE,SLOPE
126,GSWKSHOP,GSWKSHOP,GSWKSHOP
127,OBWKSHOP,OBWKSHOP,OBWKSHOP
128,MANOS,MANOS,MANOS
129,METATES,METATES,METATES
130,MORTARS,MORTARS,MORTARS
131,PESTLES,PESTLES,PESTLES
132,PSMOOTHR,PSMOOTHR,PSMOOTHR
133,PLUMBBOB,PLUMBBOB,PLUMBBOB
134,FIXTWALL,FIXTWALL,FIXTWALL
135,FIREGODS,FIREGODS,FIREGODS
136,MSCSTNSC,MSCSTNSC,MSCSTNSC
137,HAMMERS,HAMMERS,HAMMERS
138,SLINGSTN,SLINGSTN,SLINGSTN
139,SMTHSTN,SMTHSTN,SMTHSTN
140,WHETSTN,WHETSTN,WHETSTN
141,PALETTES,PALETTES,PALETTES
142,CELTS,CELTS,CELTS
143,RWKDLAJA,RWKDLAJA,RWKDLAJA
144,ANVILS,ANVILS,ANVILS
145,DRAINS,DRAINS,DRAINS_MODERN
146,DRAINCVR,DRAINCVR,DRAINCVR
147,OTHERGS,OTHERGS,OTHERGS
148,OBSITOTS,OBSITOTS,OBSITOTS
149,OBSIBLDS,OBSIBLDS,OBSIBLDS
150,OBSIWSTE,OBSIWSTE,OBSIWSTE
151,OBSISCRP,OBSISCRP,OBSISCRP
152,OBSIPNTS,OBSIPNTS,OBSIPNTS
153,OBSICORS,OBSICORS,OBSICORS
154,OBSIKNIV,OBSIKNIV,OBSIKNIV
155,OBSIECCE,OBSIECCE,OBSIECCE
156,OBSIMGSC,OBSIMGSC,OBSIMGSC
157,OBSIUFLK,OBSIUFLK,OBSIUFLK
158,OBSINODS,OBSINODS,OBSINODS
159,BSLTTOTS,BSLTTOTS,BSLTTOTS
160,BSLTTOOL,BSLTTOOL,BSLTTOOL
161,CHRTFRAG,CHRTFRAG,CHRTFRAG
162,QUARTZ,QUARTZ,QUARTZ
163,SLATETOT,SLATETOT,SLATETOT
164,SLATEPNT,SLATEPNT,SLATEPNT
165,ALABASTR,ALABASTR,ALABASTR
166,SERPENTN,SERPENTN,SERPENTN
167,JADE,JADE,JADE
168,WRKDBONE,WRKDBONE,WRKDBONE
169,SHELLTOT,SHELLTOT,SHELLTOT
170,SHELLWKD,SHELLWKD,SHELLWKD
171,FIGUTOTS,FIGUTOTS,FIGUTOTS
172,FIGHEADS,FIGHEADS,FIGHEADS
173,PPATFIGS,PPATFIGS,PPATFIGS
174,PATLFIGS,PATLFIGS,PATLFIGS
175,TZACFIGS,TZACFIGS,TZACFIGS
176,MICCFIGS,MICCFIGS,MICCFIGS
177,TLAMFIGS,TLAMFIGS,TLAMFIGS
178,XOLAFIGS,XOLAFIGS,XOLAFIGS
179,METEFIGS,METEFIGS,METEFIGS
180,TOLTFIGS,TOLTFIGS,TOLTFIGS
181,AZTEFIGS,AZTEFIGS,AZTEFIGS
182,PUPPFIGS,PUPPFIGS,PUPPFIGS
183,SPINWHRL,SPINWHRL,SPINWHRL
184,SEALSTMP,SEALSTMP,SEALSTMP
185,EARSPOOL,EARSPOOL,EARSPOOL
186,WHISTLES,WHISTLES,WHISTLES
187,FLUTES,FLUTES,FLUTES
188,CERANWK1,CERANWK1,CERANWK1
189,CERANWK2,CERANWK2,CERANWK2
190,CERANWK3,CERANWK3,CERANWK3
191,CERANYR,CERANYR,CERANYR
192,CERANQT,CERANQT,CERANQT
193,FLDCWKSH,FLDCWKSH,FLDCWKSH
194,FLDCABUN,FLDCABUN,FLDCABUN
195,CANDTOTS,CANDTOTS,CANDTOTS
196,COATCAND,COATCAND,COATCAND
197,ATOYCAND,ATOYCAND,ATOYCAND
198,EXOLCAND,EXOLCAND,EXOLCAND
199,LXOLCAND,LXOLCAND,LXOLCAND
200,METECAND,METECAND,METECAND
201,COMMCAND,COMMCAND,COMMCAND
202,BRN3PRNG,BRN3PRNG,BRN3PRNG
203,HANDCOVR,HANDCOVR,HANDCOVR
204,AREASITE,AREASITE,AREASITE
205,SHRDSTOT,SHRDSTOT,SHRDSTOT
206,OTHPCLAS,OTHPCLAS,OTHPCLAS
207,CUANALAN,CUANALAN,CUANALAN
208,TEZOYUCA,TEZOYUCA,TEZOYUCA
209,PATLACHI,PATLACHI,PATLACHI
210,TZACUALL,TZACUALL,TZACUALL
211,MICCAOTL,MICCAOTL,MICCAOTL
212,TLAMIMIL,TLAMIMIL,TLAMIMIL
213,XOLALPAN,XOLALPAN,XOLALPAN
214,METEPEC,METEPEC,METEPEC
215,OXTOTIPA,OXTOTIPA,OXTOTIPA
216,XOMETLA,XOMETLA,XOMETLA
217,MAZAPAN,MAZAPAN,MAZAPAN
218,AZTEC,AZTEC,AZTEC
219,CNSRTOTS,CNSRTOTS,CNSRTOTS
220,PPATCNSR,PPATCNSR,PPATCNSR
221,PATLCNSR,PATLCNSR,PATLCNSR
222,TZACCNSR,TZACCNSR,TZACCNSR
223,MICCCNSR,MICCCNSR,MICCCNSR
224,TLAMCNSR,TLAMCNSR,TLAMCNSR
225,XOLACNSR,XOLACNSR,XOLACNSR
226,METECNSR,METECNSR,METECNSR
227,OXTOCNSR,OXTOCNSR,OXTOCNSR
228,XOMECNSR,XOMECNSR,XOMECNSR
229,MAZACNSR,MAZACNSR,MAZACNSR
230,AZTECNSR,AZTECNSR,AZTECNSR
231,THNOTOTS,THNOTOTS,THNOTOTS
232,REGTHNO,REGTHNO,REGTHNO
233,CRSTHNO,CRSTHNO,CRSTHNO
234,SMOTOTS,SMOTOTS,SMOTOTS
235,TLAMSMO,TLAMSMO,TLAMSMO
236,XOLASMO,XOLASMO,XOLASMO
237,METESMO,METESMO,METESMO
238,OLLATOT,OLLATOT,OLLATOT
239,PATLOLLA,PATLOLLA,PATLOLLA
240,WDGROLLA,WDGROLLA,WDGROLLA
241,MICCOLLA,MICCOLLA,MICCOLLA
242,TLAMOLLA,TLAMOLLA,TLAMOLLA
243,XOLAOLLA,XOLAOLLA,XOLAOLLA
244,METEOLLA,METEOLLA,METEOLLA
245,COMLTOTS,COMLTOTS,COMLTOTS
246,PATLCOML,PATLCOML,PATLCOML
247,TZACCOML,TZACCOML,TZACCOML
248,MICCCOML,MICCCOML,MICCCOML
249,TLAMCOML,TLAMCOML,TLAMCOML
250,XOLACOML,XOLACOML,XOLACOML
251,METECOML,METECOML,METECOML
252,OXTOCOML,OXTOCOML,OXTOCOML
253,POXTCOML,POXTCOML,POXTCOML
254,NUBBTOTS,NUBBTOTS,NUBBTOTS
255,PATLNUBB,PATLNUBB,PATLNUBB
256,APTENUBB,APTENUBB,APETNUBB
257,INSTNUBB,INSTNUBB,INSTNUBB
258,FLSMNUBB,FLSMNUBB,FLSHNUBB
259,ATOYNUBB,ATOYNUBB,ATOYNUBB
260,XOLANUBB,XOLANUBB,XOLANUBB
261,METENUBB,METENUBB,METENUBB
262,STMPSHRD,STMPSHRD,STMPSHRD
263,PLRFSHRD,PLRFSHRD,PLRFSHRD
264,STCCSHRD,STCCSHRD,STCCSHRD
265,INCISHRD,INCISHRD,INCISHRD
266,FRNSHTOT,FRNSHTOT,FRNSHTOT
267,LOWMAYA,LOWMAYA,LOWMAYA
268,HIGHMAYA,HIGHMAYA,HIGHMAYA
269,HUASTEC,HUASTEC,HUASTEC
270,TAJIN,TAJIN,TAJIN
271,GULFCST,GULFCST,GULFCST
272,MONTEALB,MONTEALB,MONTEALB
273,OAXACA,OAXACA,OAXACA
274,OTHFRN,OTHFRN,OTHFRN
275,ADORNOS,ADORNOS,ADORNOS
276,MINIATUR,MINIATUR,MINIATUR
277,COPAS,COPAS,COPAS
278,MATTWARE,MATTWARE,MATTWARE
279,GRANTOTS,GRANTOTS,GRANTOTS
280,PMICGRAN,PMICGRAN,PMICGRAN
281,MICCGRAN,MICCGRAN,MICCGRAN
282,TLAMGRAN,TLAMGRAN,TLAMGRAN
283,XOLAGRAN,XOLAGRAN,XOLAGRAN
284,METEGRAN,METEGRAN,METEGRAN
285,CERADISK,CERADISK,CERADISK
286,SOBSIWK1,SOBSIWK1,SOBSIWK1
287,SOBSIWK2,SOBSIWK2,SOBSIWK2
288,KCERAWKS,KCERAWKS,KCERAWKS
289,BFIGCONC,BFIGCONC,BFIGCONC
290,AREASTRC,AREASTRC,AREASTRC
291,INSUBSTR,INSUBSTR,INSUBSTR
292,QUALBND,QUALBND,QUALBND
